Drug Group,Drug Medicine ID,EMIS ID,Ingredient,Code Description
,,(Prep Code ID),,
,12141711000001100,11275941000033100,Oxazepam,Oxazepam 10mg/5ml oral suspension
,13893211000001100,2762441000033110,Diazepam,Diazepam 10mg/5ml oral suspension
,13893311000001100,3345241000033110,Diazepam,Diazepam 2.5mg/5ml oral suspension
,142611000001108,1383241000033110,Diazepam,Stesolid 10mg rectal tube (Accord-UK Ltd)
,142611000001108,1383241000033110,Diazepam,Stesolid 10mg rectal tube (Accord-UK Ltd)
,153811000001102,2621341000033110,Chlordiazepoxide Hydrochloride,Tropium 10mg tablets (Dr Reddy's Laboratories (UK) Ltd)
,19677811000001100,3993641000033110,Diazepam,Diazepam 2mg/5ml oral suspension
,204011000001103,2621241000033110,Chlordiazepoxide Hydrochloride,Tropium 5mg tablets (Dr Reddy's Laboratories (UK) Ltd)
,218811000001104,827841000033112,Chlordiazepoxide Hydrochloride,Librium 10mg capsules (Viatris UK Healthcare Ltd)
,26811000001102,457941000033112,Diazepam,Diazepam 10mg RecTubes (Wockhardt UK Ltd)
,26811000001102,457941000033112,Diazepam,Diazepam 10mg RecTubes (Wockhardt UK Ltd)
,283311000001103,458041000033110,Diazepam,Diazepam 2.5mg RecTubes (Wockhardt UK Ltd)
,283311000001103,458041000033110,Diazepam,Diazepam 2.5mg RecTubes (Wockhardt UK Ltd)
Anxiolytics,307711000001103,1455941000033110,Chlordiazepoxide Hydrochloride,Tropium 5mg capsules (Dr Reddy's Laboratories (UK) Ltd)
,34697811000001100,12503341000033100,Lorazepam,Lorazepam 1mg/ml oral solution sugar free
,36040511000001100,844141000033111,"Lorazepam,Lorazepam",Lorazepam 4mg/1ml solution for injection ampoules
,36097511000001100,3033041000033110,"Diazepam,Soya Oil,Egg Protein",Diazepam 10mg/2ml emulsion for injection ampoules
,36097511000001100,3033041000033110,"Diazepam,Soya Oil,Egg Protein",Diazepam 10mg/2ml emulsion for injection ampoules
,36097611000001100,3033141000033110,"Diazepam,Diazepam",Diazepam 10mg/2ml solution for injection ampoules
,36097611000001100,3033141000033110,"Diazepam,Diazepam",Diazepam 10mg/2ml solution for injection ampoules
,365311000001106,174141000033116,Buspirone Hydrochloride,Buspar 5mg tablets (IXL Pharma Ltd)
,37236111000001100,13058341000033100,Buspirone Hydrochloride,Buspirone 7.5mg tablets
,37600511000001100,13159441000033100,Lorazepam,Lorazepam 1mg orodispersible tablets
,37600611000001100,13159541000033100,Lorazepam,Lorazepam 2.5mg orodispersible tablets
,3824311000001100,1502941000033110,Diazepam,Valclair 10mg suppositories (Durbin Plc)
,38894311000001100,5748641000033110,Diazepam,Diazepam 2mg/5ml oral solution sugar free
,3925811000001100,88941000033110,"Benzyl Alcohol,Lorazepam,Benzyl Alcohol,Lorazepam",Ativan 4mg/1ml solution for injection ampoules (Pfizer Ltd)
,39709411000001100,458641000033116,Diazepam,Diazepam 5mg/2.5ml rectal solution tube
,39709411000001100,458641000033116,Diazepam,Diazepam 5mg/2.5ml rectal solution tube
,3971111000001100,446441000033119,"Diazepam,Soya Oil,Egg Protein",Diazemuls 10mg/2ml emulsion for injection ampoules (Accord-UK Ltd)
,3971111000001100,446441000033119,"Diazepam,Soya Oil,Egg Protein",Diazemuls 10mg/2ml emulsion for injection ampoules (Accord-UK Ltd)
,39734311000001100,172141000033114,Buspirone Hydrochloride,Buspirone 10mg tablets
,39734411000001100,172041000033110,Buspirone Hydrochloride,Buspirone 5mg tablets
,40548611000001100,14015941000033100,Buspirone Hydrochloride,Buspirone 30mg tablets
,40548711000001100,14015841000033100,Buspirone Hydrochloride,Buspirone 15mg tablets
,41556811000001100,14190641000033100,Lorazepam,Lorazepam 250microgram tablets
,42122111000001100,41141000033110,Alprazolam,Alprazolam 250microgram tablets
,42125211000001100,41241000033115,Alprazolam,Alprazolam 500microgram tablets
,42126511000001100,238241000033116,Chlordiazepoxide Hydrochloride,Chlordiazepoxide 10mg capsules
,42126611000001100,250641000033119,Chlordiazepoxide Hydrochloride,Chlordiazepoxide 10mg tablets
,42126811000001100,238141000033111,Chlordiazepoxide,Chlordiazepoxide 5mg capsules
,42126911000001100,250841000033118,Chlordiazepoxide Hydrochloride,Chlordiazepoxide 5mg tablets
,42127611000001100,460041000033115,Diazepam,Diazepam 10mg suppositories
,42127711000001100,466741000033115,Diazepam,Diazepam 10mg tablets
,42127811000001100,458541000033117,Diazepam,Diazepam 10mg/2.5ml rectal solution tube
,42127811000001100,458541000033117,Diazepam,Diazepam 10mg/2.5ml rectal solution tube
,42127911000001100,458341000033112,Diazepam,Diazepam 2.5mg/1.25ml rectal solution tube
,42127911000001100,458341000033112,Diazepam,Diazepam 2.5mg/1.25ml rectal solution tube
,42128011000001100,3979041000033110,Diazepam,Diazepam 25mg/5ml oral solution
,42128111000001100,466841000033113,Diazepam,Diazepam 2mg tablets
,42128211000001100,2762341000033110,Diazepam,Diazepam 2mg/5ml oral solution
,42128311000001100,466941000033117,Diazepam,Diazepam 5mg tablets
,42128411000001100,1728141000033110,Diazepam,Diazepam 5mg/5ml oral solution
,42131511000001100,851141000033111,Lorazepam,Lorazepam 1mg tablets
,42131611000001100,851241000033116,Lorazepam,Lorazepam 2.5mg tablets
,42131711000001100,13058141000033100,Lorazepam,Lorazepam 500microgram tablets
,42132011000001100,901941000033111,Meprobamate,Meprobamate 400mg tablets
,42132611000001100,1025741000033110,Oxazepam,Oxazepam 10mg tablets
,42132711000001100,1025841000033110,Oxazepam,Oxazepam 15mg tablets
,42495311000001100,14265741000033100,Diazepam,Diazepam 2mg/5ml oral suspension sugar free (Special Order)
,4658511000001100,1543541000033110,Alprazolam,Xanax 250microgram tablets (Viatris UK Healthcare Ltd)
,4659411000001100,1543641000033110,Alprazolam,Xanax 500microgram tablets (Viatris UK Healthcare Ltd)
,4902211000001100,1454441000033110,Clorazepate Dipotassium,Tranxene 7.5mg capsules (Boehringer Ingelheim Ltd)
,4902711000001100,1454341000033110,Clorazepate Dipotassium,Tranxene 15mg capsules (Boehringer Ingelheim Ltd)
,511311000001108,2621141000033110,Chlordiazepoxide Hydrochloride,Tropium 10mg capsules (Dr Reddy's Laboratories (UK) Ltd)
,603811000001108,458241000033119,Diazepam,Diazepam 5mg RecTubes (Wockhardt UK Ltd)
,603811000001108,458241000033119,Diazepam,Diazepam 5mg RecTubes (Wockhardt UK Ltd)
,737211000001100,172241000033119,Buspirone Hydrochloride,Buspar 10mg tablets (IXL Pharma Ltd)
,82011000001104,1383341000033110,Diazepam,Stesolid 5mg rectal tube (Accord-UK Ltd)
,82011000001104,1383341000033110,Diazepam,Stesolid 5mg rectal tube (Accord-UK Ltd)
,8304411000001100,12679241000033100,Buspirone Hydrochloride,Buspirone 5mg/5ml oral solution
,8358211000001100,4434141000033110,Chlordiazepoxide Hydrochloride,Chlordiazepoxide 5mg/5ml oral suspension
,849211000001108,827941000033116,Chlordiazepoxide Hydrochloride,Librium 5mg capsules (Viatris UK Healthcare Ltd)
,8624311000001100,5892441000033110,Lorazepam,Lorazepam 1mg/5ml oral solution
,8624511000001100,3923841000033110,Lorazepam,Lorazepam 1mg/5ml oral suspension
,8659211000001100,4663341000033110,Lorazepam,Lorazepam 250micrograms/5ml oral suspension
,8659611000001100,5892341000033110,Lorazepam,Lorazepam 500micrograms/5ml oral solution
,8659811000001100,3308041000033110,Lorazepam,Lorazepam 500micrograms/5ml oral suspension
,8792711000001100,5991641000033110,Diazepam,Diazepam 10mg/5ml oral solution
,8792911000001100,5991741000033110,Diazepam,Diazepam 2.5mg/5ml oral solution
,9106811000001100,1428141000033110,Diazepam,Tensium 10mg tablets (DDSA Pharmaceuticals Ltd)
,9107211000001100,1428241000033110,Diazepam,Tensium 2mg tablets (DDSA Pharmaceuticals Ltd)
4.2.1       Antipsychotic Drugs,10664611000001100,3950641000033110,Aripiprazole,Abilify 10mg orodispersible tablets (Otsuka Pharmaceuticals (U.K.) Ltd)
,10664911000001100,3950741000033110,Aripiprazole,Abilify 15mg orodispersible tablets (Otsuka Pharmaceuticals (U.K.) Ltd)
,10667211000001100,3950841000033110,Aripiprazole,Abilify 1mg/ml oral solution (Otsuka Pharmaceuticals (U.K.) Ltd)
,10675311000001100,3950341000033110,Aripiprazole,Aripiprazole 10mg orodispersible tablets sugar free
,10675411000001100,3950441000033110,Aripiprazole,Aripiprazole 15mg orodispersible tablets sugar free
,10878511000001100,3996341000033110,Olanzapine,Zyprexa 20mg tablets (Neon Healthcare Ltd)
,11134311000001100,4012341000033110,Risperidone,Risperdal Quicklet 4mg orodispersible tablets (Janssen-Cilag Ltd)
,11134611000001100,4012241000033110,Risperidone,Risperdal Quicklet 3mg orodispersible tablets (Janssen-Cilag Ltd)
,11140811000001100,4012041000033110,Risperidone,Risperidone 3mg orodispersible tablets sugar free
,11140911000001100,4012141000033110,Risperidone,Risperidone 4mg orodispersible tablets sugar free
,113611000001108,1276041000033110,Haloperidol,Serenace 10mg tablets (Teva UK Ltd)
,11749311000001100,4200941000033110,Paliperidone,Invega 3mg modified-release tablets (Janssen-Cilag Ltd)
,11749811000001100,4201041000033110,Paliperidone,Invega 6mg modified-release tablets (Janssen-Cilag Ltd)
,11751011000001100,4201141000033110,Paliperidone,Invega 9mg modified-release tablets (Janssen-Cilag Ltd)
,11763211000001100,4200641000033110,Paliperidone,Paliperidone 3mg modified-release tablets
,11763311000001100,4200741000033110,Paliperidone,Paliperidone 6mg modified-release tablets
,11763411000001100,4200841000033110,Paliperidone,Paliperidone 9mg modified-release tablets
,117911000001106,661541000033117,Haloperidol,Haldol 2mg/ml oral solution (Essential Pharma Ltd)
,12504911000001100,5969441000033110,Haloperidol,Haloperidol 1.5mg/5ml oral solution
,12505011000001100,5969541000033110,Haloperidol,Haloperidol 1.5mg/5ml oral suspension
,12505511000001100,5969641000033110,Haloperidol,Haloperidol 250micrograms/5ml oral solution
,12505611000001100,5969741000033110,Haloperidol,Haloperidol 250micrograms/5ml oral suspension
,12505911000001100,4424541000033110,Haloperidol,Haloperidol 5mg/5ml oral solution
,12506011000001100,5993541000033110,Haloperidol,Haloperidol 5mg/5ml oral suspension
,12646911000001100,6445641000033110,Levomepromazine Maleate,Levomepromazine 6mg/5ml oral suspension
,12797811000001100,10253841000033100,Melperone Hydrochloride,Melperone hydrochloride 100mg tablets
,13011611000001100,5889741000033110,Quetiapine Fumarate,Quetiapine 12.5mg/5ml oral solution
,13011711000001100,5889841000033110,Quetiapine Fumarate,Quetiapine 12.5mg/5ml oral suspension
,13012211000001100,5974841000033110,Quetiapine Fumarate,Quetiapine 25mg/5ml oral solution
,13012311000001100,5974941000033110,Quetiapine Fumarate,Quetiapine 25mg/5ml oral suspension
,13059411000001100,11798841000033100,Pimozide,Pimozide 2mg/5ml oral suspension
,13451111000001100,4456841000033110,Aripiprazole,Abilify 9.75mg/1.3ml solution for injection vials (Otsuka Pharmaceuticals (U.K.) Ltd)
,13456411000001100,4456741000033110,Aripiprazole,Aripiprazole 9.75mg/1.3ml solution for injection vials
,14015811000001100,5997341000033110,Olanzapine,Olanzapine 2.5mg/5ml oral solution
,14015911000001100,3892541000033110,Olanzapine,Olanzapine 2.5mg/5ml oral suspension
,14018611000001100,5891141000033110,Quetiapine Fumarate,Quetiapine 100mg/5ml oral solution
,14018711000001100,4422541000033110,Quetiapine Fumarate,Quetiapine 100mg/5ml oral suspension
,14025311000001100,4592241000033110,Quetiapine Fumarate,Seroquel XL 200mg tablets (Luye Pharma Ltd)
,14025711000001100,4592441000033110,Quetiapine Fumarate,Seroquel XL 400mg tablets (Luye Pharma Ltd)
,14026011000001100,4592341000033110,Quetiapine Fumarate,Seroquel XL 300mg tablets (Luye Pharma Ltd)
,14026511000001100,4592141000033110,Quetiapine Fumarate,Seroquel XL 50mg tablets (Luye Pharma Ltd)
,14042811000001100,4591741000033110,Quetiapine Fumarate,Quetiapine 50mg modified-release tablets
,145511000001103,2658941000033110,Sulpiride,Sulpor 200mg/5ml oral solution (Rosemont Pharmaceuticals Ltd)
,152111000001103,663541000033116,Haloperidol,Haldol 5mg tablets (Janssen-Cilag Ltd)
,153111000001109,1177641000033110,Risperidone,Risperdal 6mg tablets (Janssen-Cilag Ltd)
,153611000001101,287041000033119,Zuclopenthixol Dihydrochloride,Clopixol 2mg tablets (Lundbeck Ltd)
,15452011000001100,5975041000033110,Quetiapine Fumarate,Quetiapine 50mg/5ml oral solution
,15452111000001100,5975141000033110,Quetiapine Fumarate,Quetiapine 50mg/5ml oral suspension
,15498911000001100,5078241000033110,Clozapine,Denzapine 50mg tablets (Britannia Pharmaceuticals Ltd)
,15505711000001100,5078141000033110,Clozapine,Denzapine 200mg tablets (Britannia Pharmaceuticals Ltd)
,15506011000001100,5077741000033110,Clozapine,Denzapine 50mg/ml oral suspension (Britannia Pharmaceuticals Ltd)
,15506211000001100,5077941000033110,Clozapine,Clozapine 200mg tablets
,15506311000001100,5077641000033110,Clozapine,Clozapine 50mg/ml oral suspension sugar free
,160211000001102,896041000033111,Thioridazine,Melleril 25mg tablets (Novartis Pharmaceuticals UK Ltd)
,17689811000001100,5909441000033110,Quetiapine Fumarate,Seroquel XL 150mg tablets (Luye Pharma Ltd)
,17828611000001100,5909341000033110,Quetiapine Fumarate,Quetiapine 150mg modified-release tablets
,18172311000001100,6455741000033110,Ziprasidone,Ziprasidone 40mg capsules
,18956611000001100,11876741000033100,Chlorpromazine Hydrochloride,Chlorpromazine 25mg/5ml oral solution sugar free
,19525911000001100,6455841000033110,Ziprasidone,Ziprasidone 80mg capsules
,19587711000001100,6456941000033110,Olanzapine,Zalasta 2.5mg tablets (Krka UK Ltd)
,19587911000001100,6457141000033110,Olanzapine,Zalasta 5mg tablets (Krka UK Ltd)
,19588111000001100,6457241000033110,Olanzapine,Zalasta 7.5mg tablets (Krka UK Ltd)
,19588311000001100,6456741000033110,Olanzapine,Zalasta 10mg tablets (Krka UK Ltd)
,19588511000001100,6456841000033110,Olanzapine,Zalasta 15mg tablets (Krka UK Ltd)
,19588711000001100,6457041000033110,Olanzapine,Zalasta 20mg tablets (Krka UK Ltd)
,19608211000001100,6465641000033110,Olanzapine,Zalasta 5mg orodispersible tablets (Krka UK Ltd)
,19609111000001100,6466041000033110,Olanzapine,Olanzapine 10mg orodispersible tablets sugar free
,19609311000001100,6466141000033110,Olanzapine,Olanzapine 15mg orodispersible tablets sugar free
,19609411000001100,6466241000033110,Olanzapine,Olanzapine 20mg orodispersible tablets sugar free
,19609511000001100,6465941000033110,Olanzapine,Olanzapine 5mg orodispersible tablets sugar free
,19609711000001100,6465341000033110,Olanzapine,Zalasta 10mg orodispersible tablets (Krka UK Ltd)
,19610111000001100,6465441000033110,Olanzapine,Zalasta 15mg orodispersible tablets (Krka UK Ltd)
,19610411000001100,6465541000033110,Olanzapine,Zalasta 20mg orodispersible tablets (Krka UK Ltd)
,19626711000001100,7681641000033110,Olanzapine,Olanzapine 10mg orodispersible tablets
,19626811000001100,7681741000033110,Olanzapine,Olanzapine 15mg orodispersible tablets
,19626911000001100,7681841000033110,Olanzapine,Olanzapine 20mg orodispersible tablets
,19627011000001100,7681941000033110,Olanzapine,Olanzapine 5mg orodispersible tablets
,19725311000001100,6469841000033110,Clotiapine,Clotiapine 40mg tablets
,19809011000001100,2653841000033110,Levomepromazine Maleate,Levinan 6mg tablets (Kyowa Kirin Ltd)
,19890011000001100,6515041000033110,Olanzapine,Arkolamyl 10mg orodispersible tablets (Viatris UK Healthcare Ltd)
,19890311000001100,6515141000033110,Olanzapine,Arkolamyl 15mg orodispersible tablets (Viatris UK Healthcare Ltd)
,19890611000001100,6514941000033110,Olanzapine,Arkolamyl 5mg orodispersible tablets (Viatris UK Healthcare Ltd)
,19890911000001100,6515241000033110,Olanzapine,Arkolamyl 20mg orodispersible tablets (Viatris UK Healthcare Ltd)
,20176811000001100,8886041000033110,Chlorpromazine Hydrochloride,Chlorpromazine 10mg capsules
,20356011000001100,7687841000033110,Quetiapine Fumarate,Sondate XL 50mg tablets (Teva UK Ltd)
,20356211000001100,7687941000033110,Quetiapine Fumarate,Sondate XL 200mg tablets (Teva UK Ltd)
,20356411000001100,7688041000033110,Quetiapine Fumarate,Sondate XL 300mg tablets (Teva UK Ltd)
,20356611000001100,7688141000033110,Quetiapine Fumarate,Sondate XL 400mg tablets (Teva UK Ltd)
,21248811000001100,8112941000033110,Quetiapine Fumarate,Tenprolide XL 50mg tablets (Actavis UK Ltd)
,21249311000001100,8113041000033110,Quetiapine Fumarate,Tenprolide XL 200mg tablets (Actavis UK Ltd)
,21249511000001100,8113141000033110,Quetiapine Fumarate,Tenprolide XL 300mg tablets (Actavis UK Ltd)
,213711000001101,1385341000033110,Trifluoperazine,Stelazine 10mg Spansules (Mercury Pharma Group Ltd)
,21714411000001100,8246241000033110,Quetiapine Fumarate,Sondate XL 150mg tablets (Teva UK Ltd)
,22221211000001100,8298341000033110,Quetiapine Fumarate,Seotiapim XL 200mg tablets (Sandoz Ltd)
,22221411000001100,8298541000033110,Quetiapine Fumarate,Seotiapim XL 400mg tablets (Sandoz Ltd)
,22221611000001100,8298441000033110,Quetiapine Fumarate,Seotiapim XL 300mg tablets (Sandoz Ltd)
,22409511000001100,8349141000033110,Quetiapine Fumarate,Tenprolide XL 400mg tablets (Actavis UK Ltd)
,22635511000001100,11730041000033100,Quetiapine Fumarate,Quetiapine 200mg/5ml oral suspension
,228411000001106,1276241000033110,Haloperidol,Serenace 5mg tablets (Teva UK Ltd)
,24311000001100,1366741000033110,Amisulpride,Solian 50 tablets (Sanofi)
,246411000001108,1396541000033110,Sulpiride,Sulpitil 200mg tablets (Pfizer Ltd)
,254011000001107,2216741000033110,Amisulpride,Solian 400 tablets (Sanofi)
,25803211000001100,9604441000033110,Quetiapine Fumarate,Ebesque XL 50mg tablets (Ethypharm UK Ltd)
,25804311000001100,9605541000033110,Quetiapine Fumarate,Ebesque XL 200mg tablets (Ethypharm UK Ltd)
,25804911000001100,9605941000033110,Quetiapine Fumarate,Ebesque XL 300mg tablets (Ethypharm UK Ltd)
,25806011000001100,9606341000033110,Quetiapine Fumarate,Ebesque XL 400mg tablets (Ethypharm UK Ltd)
,26654411000001100,9809241000033110,Lurasidone Hydrochloride,Latuda 18.5mg tablets (CNX Therapeutics Ltd)
,26654711000001100,9809341000033110,Lurasidone Hydrochloride,Latuda 37mg tablets (CNX Therapeutics Ltd)
,26655011000001100,9809441000033110,Lurasidone Hydrochloride,Latuda 74mg tablets (CNX Therapeutics Ltd)
,26655311000001100,9808941000033110,Lurasidone Hydrochloride,Lurasidone 18.5mg tablets
,26655411000001100,9809041000033110,Lurasidone Hydrochloride,Lurasidone 37mg tablets
,26655511000001100,9809141000033110,Lurasidone Hydrochloride,Lurasidone 74mg tablets
,271211000001102,663441000033117,Haloperidol,Haldol 10mg tablets (Janssen-Cilag Ltd)
,27842211000001100,10615141000033100,Quetiapine Fumarate,Atrolak XL 50mg tablets (Accord-UK Ltd)
,27842411000001100,10615241000033100,Quetiapine Fumarate,Atrolak XL 200mg tablets (Accord-UK Ltd)
,27842611000001100,10615341000033100,Quetiapine Fumarate,Atrolak XL 300mg tablets (Accord-UK Ltd)
,27842811000001100,10615441000033100,Quetiapine Fumarate,Atrolak XL 400mg tablets (Accord-UK Ltd)
,27946311000001100,13719141000033100,Levomepromazine Maleate,Levomepromazine 100mg tablets
,28400211000001100,10041141000033100,Quetiapine Fumarate,Biquelle XL 50mg tablets (Aspire Pharma Ltd)
,28400411000001100,10041241000033100,Quetiapine Fumarate,Biquelle XL 150mg tablets (Aspire Pharma Ltd)
,28400611000001100,10041441000033100,Quetiapine Fumarate,Biquelle XL 300mg tablets (Aspire Pharma Ltd)
,28400811000001100,10041541000033100,Quetiapine Fumarate,Biquelle XL 400mg tablets (Aspire Pharma Ltd)
,28401011000001100,10041341000033100,Quetiapine Fumarate,Biquelle XL 200mg tablets (Aspire Pharma Ltd)
,28411511000001100,10041741000033100,Quetiapine Fumarate,Zaluron XL 50mg tablets (Fontus Health Ltd)
,28411711000001100,10041841000033100,Quetiapine Fumarate,Zaluron XL 150mg tablets (Fontus Health Ltd)
,28411911000001100,10041941000033100,Quetiapine Fumarate,Zaluron XL 200mg tablets (Fontus Health Ltd)
,28412111000001100,10042041000033100,Quetiapine Fumarate,Zaluron XL 300mg tablets (Fontus Health Ltd)
,28412311000001100,10042141000033100,Quetiapine Fumarate,Zaluron XL 400mg tablets (Fontus Health Ltd)
,2841911000001100,2835241000033110,Amisulpride,Solian 100 tablets (Sanofi)
,2880511000001100,813441000033114,Chlorpromazine Hydrochloride,Largactil Forte 100mg/5ml oral suspension (Sanofi)
,28994711000001100,10254741000033100,Quetiapine Fumarate,Mintreleq XL 50mg tablets (Aristo Pharma Ltd)
,28994911000001100,10254841000033100,Quetiapine Fumarate,Mintreleq XL 150mg tablets (Aristo Pharma Ltd)
,28995111000001100,10254941000033100,Quetiapine Fumarate,Mintreleq XL 200mg tablets (Aristo Pharma Ltd)
,28995611000001100,10255041000033100,Quetiapine Fumarate,Mintreleq XL 300mg tablets (Aristo Pharma Ltd)
,28995811000001100,10255141000033100,Quetiapine Fumarate,Mintreleq XL 400mg tablets (Aristo Pharma Ltd)
,30799611000001100,2758141000033110,Haloperidol,Haloperidol 200micrograms/ml oral solution sugar free
,319511000001103,1366641000033110,Amisulpride,Solian 200 tablets (Sanofi)
,322411000001102,2955541000033110,Trifluoperazine,Terrazine 1mg tablets (Dr Reddy's Laboratories (UK) Ltd)
,3245711000001100,1271641000033110,"Haloperidol,Haloperidol",Serenace 5mg/1ml solution for injection ampoules (IVAX Pharmaceuticals UK Ltd)
,3246911000001100,2929841000033110,Haloperidol,Haldol 5mg/1ml solution for injection ampoules (Janssen-Cilag Ltd)
,32503211000001100,11578941000033100,Quetiapine Fumarate,Psyquet XL 50mg tablets (Sandoz Ltd)
,32503411000001100,11579241000033100,Quetiapine Fumarate,Psyquet XL 150mg tablets (Sandoz Ltd)
,32503611000001100,11579341000033100,Quetiapine Fumarate,Psyquet XL 200mg tablets (Sandoz Ltd)
,32503811000001100,11579441000033100,Quetiapine Fumarate,Psyquet XL 300mg tablets (Sandoz Ltd)
,32504011000001100,11579541000033100,Quetiapine Fumarate,Psyquet XL 400mg tablets (Sandoz Ltd)
,325311000001103,1386341000033110,Trifluoperazine,Stelazine 1mg tablets (Mercury Pharma Group Ltd)
,32687711000001100,11583741000033100,Loxapine,Loxapine 9.1mg/dose inhalation powder
,32687811000001100,11583841000033100,Loxapine,Adasuve 9.1mg/dose inhalation powder (Galen Ltd)
,33391011000001100,11753641000033100,Quetiapine Fumarate,Quetiapine 20mg/ml oral suspension sugar free
,33568811000001100,11782141000033100,Quetiapine Fumarate,Brancico XL 300mg tablets (Zentiva Pharma UK Ltd)
,33569011000001100,11782041000033100,Quetiapine Fumarate,Brancico XL 200mg tablets (Zentiva Pharma UK Ltd)
,33569711000001100,11781941000033100,Quetiapine Fumarate,Brancico XL 150mg tablets (Zentiva Pharma UK Ltd)
,33569911000001100,11782341000033100,Quetiapine Fumarate,Brancico XL 50mg tablets (Zentiva Pharma UK Ltd)
,33570111000001100,11782241000033100,Quetiapine Fumarate,Brancico XL 400mg tablets (Zentiva Pharma UK Ltd)
,33690711000001100,11821541000033100,Levomepromazine Maleate,Levomepromazine 62.5mg/5ml oral suspension
,337311000001109,1713941000033110,Olanzapine,Zyprexa 2.5mg tablets (Neon Healthcare Ltd)
,340011000001109,965541000033119,Pericyazine,Neulactil 10mg tablets (Sanofi)
,340911000001108,1277641000033110,Quetiapine Fumarate,Seroquel 100mg tablets (Luye Pharma Ltd)
,343311000001101,1173841000033110,Risperidone,Risperdal 1mg/ml oral solution (Janssen-Cilag Ltd)
,3434911000001100,2759741000033110,"Olanzapine,Olanzapine",Olanzapine 15mg oral lyophilisates sugar free
,34936811000001100,12428041000033100,Quetiapine Fumarate,Atrolak XL 150mg tablets (Accord-UK Ltd)
,35753411000001100,13155441000033100,Haloperidol,Halkid 200micrograms/ml oral solution (Thame Laboratories Ltd)
,35771811000001100,12665741000033100,Cariprazine Hydrochloride,Reagila 1.5mg capsules (Recordati Pharmaceuticals Ltd)
,35772111000001100,12665841000033100,Cariprazine Hydrochloride,Reagila 3mg capsules (Recordati Pharmaceuticals Ltd)
,35772411000001100,12665941000033100,Cariprazine Hydrochloride,Reagila 4.5mg capsules (Recordati Pharmaceuticals Ltd)
,35772711000001100,12666041000033100,Cariprazine Hydrochloride,Reagila 6mg capsules (Recordati Pharmaceuticals Ltd)
,35853811000001100,12665341000033100,Cariprazine Hydrochloride,Cariprazine 1.5mg capsules
,35853911000001100,12665441000033100,Cariprazine Hydrochloride,Cariprazine 3mg capsules
,35854011000001100,12665541000033100,Cariprazine Hydrochloride,Cariprazine 4.5mg capsules
,35854111000001100,12665641000033100,Cariprazine Hydrochloride,Cariprazine 6mg capsules
,35901111000001100,2644841000033110,Amisulpride,Amisulpride 100mg/ml oral solution sugar free
,35931111000001100,1698441000033110,Sulpiride,Sulpiride 200mg/5ml oral solution sugar free
,35931311000001100,1129641000033110,Promazine Hydrochloride,Promazine 25mg/5ml oral solution
,36027911000001100,1063541000033110,Pericyazine,Pericyazine 10mg/5ml oral solution
,36053411000001100,659641000033111,"Haloperidol,Haloperidol",Haloperidol 20mg/2ml solution for injection ampoules
,36053511000001100,2929741000033110,"Haloperidol,Haloperidol",Haloperidol 5mg/1ml solution for injection ampoules
,36137911000001100,246641000033118,Chlorpromazine Hydrochloride,Chlorpromazine 100mg/5ml oral suspension sugar free
,36138211000001100,3858941000033110,"Chlorpromazine Hydrochloride,Chlorpromazine Hydrochloride",Chlorpromazine 25mg/1ml solution for injection ampoules
,36138311000001100,240041000033110,Chlorpromazine Hydrochloride,Chlorpromazine 25mg/5ml oral solution
,36138411000001100,241341000033116,Chlorpromazine Hydrochloride,Chlorpromazine 50mg/2ml solution for injection ampoules
,36143111000001100,1466941000033110,Trifluoperazine,Trifluoperazine 10mg modified-release capsules
,36143211000001100,1467041000033110,Trifluoperazine,Trifluoperazine 15mg modified-release capsules
,36143311000001100,1467641000033110,Trifluoperazine,Trifluoperazine 1mg/5ml oral solution sugar free
,36143511000001100,1467141000033110,Trifluoperazine,Trifluoperazine 2mg modified-release capsules
,36151811000001100,1563441000033110,Zuclopenthixol Acetate,Zuclopenthixol acetate 100mg/2ml solution for injection ampoules
,36152011000001100,1563541000033110,Zuclopenthixol Acetate,Zuclopenthixol acetate 50mg/1ml solution for injection ampoules
,3679611000001100,431741000033118,Flupentixol,Depixol 3mg tablets (Lundbeck Ltd)
,3679611000001100,431741000033118,Flupentixol,Depixol 3mg tablets (Lundbeck Ltd)
,3680311000001100,570941000033117,Perphenazine,Fentazin 2mg tablets (Advanz Pharma)
,3680911000001100,571041000033110,Perphenazine,Fentazin 4mg tablets (Advanz Pharma)
,3686111000001100,935041000033115,Fluphenazine Hydrochloride,Moditen 1mg tablets (Sanofi)
,36868411000001100,12990341000033100,Aripiprazole,Arpoya 5mg tablets (Torrent Pharma (UK) Ltd)
,36868711000001100,12990441000033100,Aripiprazole,Arpoya 10mg tablets (Torrent Pharma (UK) Ltd)
,36869111000001100,12990541000033100,Aripiprazole,Arpoya 15mg tablets (Torrent Pharma (UK) Ltd)
,36869311000001100,12990641000033100,Aripiprazole,Arpoya 30mg tablets (Torrent Pharma (UK) Ltd)
,3688011000001100,1016541000033110,Pimozide,Orap 4mg tablets (Eumedica Pharma Ltd)
,3688311000001100,2846441000033110,Benperidol,Benquil 250microgram tablets (Concord Pharmaceuticals Ltd)
,36905011000001100,12988741000033100,Olanzapine,Olanzapine 2.5mg orodispersible tablets sugar free
,36905111000001100,12988841000033100,Olanzapine,Olanzapine 7.5mg orodispersible tablets sugar free
,37249011000001100,13353241000033100,Aripiprazole,Aripiprazole 1mg/ml oral solution sugar free
,37687211000001100,13158941000033100,Clozapine,Zaponex 12.5mg orodispersible tablets (Leyden Delta B.V.)
,37687511000001100,13159141000033100,Clozapine,Zaponex 25mg orodispersible tablets (Leyden Delta B.V.)
,37687811000001100,13159241000033100,Clozapine,Zaponex 50mg orodispersible tablets (Leyden Delta B.V.)
,37688211000001100,13158841000033100,Clozapine,Zaponex 100mg orodispersible tablets (Leyden Delta B.V.)
,37688811000001100,13159041000033100,Clozapine,Zaponex 200mg orodispersible tablets (Leyden Delta B.V.)
,37697511000001100,13158341000033100,Clozapine,Clozapine 100mg orodispersible tablets sugar free
,37697711000001100,13158441000033100,Clozapine,Clozapine 12.5mg orodispersible tablets sugar free
,37697811000001100,13158541000033100,Clozapine,Clozapine 200mg orodispersible tablets sugar free
,37697911000001100,13158641000033100,Clozapine,Clozapine 25mg orodispersible tablets sugar free
,37698011000001100,13158741000033100,Clozapine,Clozapine 50mg orodispersible tablets sugar free
,379911000001101,813741000033119,Chlorpromazine Hydrochloride,Largactil 25mg/5ml syrup (Sanofi)
,3825711000001100,935141000033116,Fluphenazine Hydrochloride,Moditen 2.5mg tablets (Sanofi)
,3826011000001100,935241000033111,Fluphenazine Hydrochloride,Moditen 5mg tablets (Sanofi-Synthelabo Ltd)
,3830311000001100,284941000033113,Clozapine,Clozaril 25mg tablets (Viatris UK Healthcare Ltd)
,3832011000001100,285041000033113,Clozapine,Clozaril 100mg tablets (Viatris UK Healthcare Ltd)
,38696711000001100,13581641000033100,Risperidone,Risperidone 250microgram tablets
,3872811000001100,842041000033117,Loxapine Succinate,Loxapac 10mg capsules (Wyeth Pharmaceuticals)
,387311000001101,1276141000033110,Haloperidol,Serenace 20mg tablets (Teva UK Ltd)
,3873611000001100,842241000033113,Loxapine Succinate,Loxapac 50mg capsules (Wyeth Pharmaceuticals)
,38750711000001100,1464141000033110,Trifluoperazine,Trifluoperazine 5mg/5ml oral solution sugar free
,38753511000001100,2640141000033110,Promazine Hydrochloride,Promazine 50mg/5ml oral solution
,38895311000001100,3063441000033110,"Levomepromazine Hydrochloride,Levomepromazine Hydrochloride,Levomepromazine Hydrochloride",Levomepromazine 25mg/1ml solution for injection ampoules
,38931811000001100,13719041000033100,Levomepromazine Maleate,Levomepromazine 50mg tablets
,39005011000001100,13734941000033100,Quetiapine Fumarate,Biquelle XL 600mg tablets (Aspire Pharma Ltd)
,39027411000001100,13734841000033100,Quetiapine Fumarate,Quetiapine 600mg modified-release tablets
,3904811000001100,1765841000033110,Zotepine,Zoleptil 25 tablets (Movianto UK Ltd)
,3905611000001100,1765941000033110,Zotepine,Zoleptil 50 tablets (Movianto UK Ltd)
,39125711000001100,13745541000033100,Haloperidol,Haloperidol 5mg/5ml oral solution sugar free (Special Order)
,39148811000001100,13748441000033100,Trifluoperazine,Trifluoperazine 1mg/5ml oral suspension (Special Order)
,3927511000001100,1271541000033110,"Haloperidol,Haloperidol",Serenace 20mg/2ml solution for injection ampoules (IVAX Pharmaceuticals UK Ltd)
,3933811000001100,2644941000033110,Amisulpride,Solian 100mg/ml oral solution (Sanofi)
,39692411000001100,3091241000033110,Flupentixol,Flupentixol 3mg tablets
,39699511000001100,840741000033115,Loxapine Succinate,Loxapine 10mg capsules
,39699611000001100,840841000033113,Loxapine Succinate,Loxapine 25mg capsules
,39699711000001100,840941000033117,Loxapine Succinate,Loxapine 50mg capsules
,39703111000001100,1844641000033110,Quetiapine Fumarate,Quetiapine 150mg tablets
,39706011000001100,1470641000033110,Trifluoperazine,Trifluoperazine 1mg tablets
,39706211000001100,1470741000033110,Trifluoperazine,Trifluoperazine 5mg tablets
,39707711000001100,1564041000033110,Zuclopenthixol Dihydrochloride,Zuclopenthixol 10mg tablets
,39707911000001100,1564141000033110,Zuclopenthixol Dihydrochloride,Zuclopenthixol 2mg tablets
,39708111000001100,1564241000033110,Zuclopenthixol Dihydrochloride,Zuclopenthixol 25mg tablets
,4023011000001100,842141000033118,Loxapine Succinate,Loxapac 25mg capsules (Wyeth Pharmaceuticals)
,4039211000001100,2869041000033110,Risperidone,Risperdal Quicklet 1mg orodispersible tablets (Janssen-Cilag Ltd)
,4039711000001100,2869141000033110,Risperidone,Risperdal Quicklet 2mg orodispersible tablets (Janssen-Cilag Ltd)
,4054011000001100,2868841000033110,Risperidone,Risperidone 1mg orodispersible tablets sugar free
,4054111000001100,2868941000033110,Risperidone,Risperidone 2mg orodispersible tablets sugar free
,40884711000001100,14063441000033100,Aripiprazole,Aripiprazole 10mg tablets (Imported)
,4111000001106,1844741000033110,Quetiapine Fumarate,Seroquel 150mg tablets (AstraZeneca UK Ltd)
,4124511000001100,1765741000033110,Zotepine,Zoleptil 100 tablets (Movianto UK Ltd)
,4129911000001100,273641000033114,Zuclopenthixol Acetate,Clopixol Acuphase 50mg/1ml solution for injection ampoules (Lundbeck Ltd)
,4130411000001100,274841000033112,Zuclopenthixol Acetate,Clopixol Acuphase 100mg/2ml solution for injection ampoules (Lundbeck Ltd)
,41442811000001100,14174441000033100,Levomepromazine Hydrochloride,Levorol 5mg/ml oral solution (Galvany Pharma Ltd)
,41482411000001100,14174341000033100,Levomepromazine Hydrochloride,Levomepromazine hydrochloride 25mg/5ml oral solution sugar free
,416411000001101,479841000033112,Sulpiride,Dolmatil 400mg tablets (Sanofi)
,4182911000001100,981641000033117,"Levomepromazine Hydrochloride,Levomepromazine Hydrochloride,Levomepromazine Hydrochloride",Nozinan 25mg/1ml solution for injection ampoules (Neuraxpharm UK Ltd)
,42267611000001100,2835141000033110,Amisulpride,Amisulpride 100mg tablets
,42267711000001100,58941000033117,Amisulpride,Amisulpride 200mg tablets
,42267811000001100,2216641000033110,Amisulpride,Amisulpride 400mg tablets
,42267911000001100,59041000033114,Amisulpride,Amisulpride 50mg tablets
,42268111000001100,3137541000033110,Aripiprazole,Aripiprazole 10mg tablets
,42268211000001100,3137641000033110,Aripiprazole,Aripiprazole 15mg tablets
,42268311000001100,3950541000033110,Aripiprazole,Aripiprazole 1mg/ml oral solution
,42268411000001100,3137741000033110,Aripiprazole,Aripiprazole 30mg tablets
,42268511000001100,3225241000033110,Aripiprazole,Aripiprazole 5mg tablets
,42268611000001100,145141000033119,Benperidol,Benperidol 250microgram tablets
,42268711000001100,12667641000033100,Chlorpromazine,Chlorpromazine 100mg suppositories
,42268811000001100,249141000033118,Chlorpromazine Hydrochloride,Chlorpromazine 100mg tablets
,42268911000001100,249041000033117,Chlorpromazine Hydrochloride,Chlorpromazine 10mg tablets
,42269011000001100,8885941000033110,Chlorpromazine,Chlorpromazine 25mg suppositories
,42269111000001100,249241000033113,Chlorpromazine Hydrochloride,Chlorpromazine 25mg tablets
,42269211000001100,249341000033115,Chlorpromazine Hydrochloride,Chlorpromazine 50mg tablets
,42270011000001100,287541000033112,Clozapine,Clozapine 100mg tablets
,42270111000001100,287641000033113,Clozapine,Clozapine 25mg tablets
,42270211000001100,5078041000033110,Clozapine,Clozapine 50mg tablets
,42272111000001100,595441000033112,Fluphenazine Hydrochloride,Fluphenazine 1mg tablets
,42272211000001100,595641000033114,Fluphenazine Hydrochloride,Fluphenazine 2.5mg tablets
,42272311000001100,595741000033117,Fluphenazine Hydrochloride,Fluphenazine 5mg tablets
,42272611000001100,662341000033115,Haloperidol,Haloperidol 1.5mg tablets
,42272711000001100,663241000033118,Haloperidol,Haloperidol 10mg tablets
,42272811000001100,661341000033112,Haloperidol,Haloperidol 10mg/5ml oral solution sugar free
,42272911000001100,662441000033114,Haloperidol,Haloperidol 20mg tablets
,42273011000001100,658341000033110,Haloperidol,Haloperidol 500microgram capsules
,42273111000001100,663341000033111,Haloperidol,Haloperidol 500microgram tablets
,42273211000001100,662541000033110,Haloperidol,Haloperidol 5mg tablets
,42273311000001100,660341000033116,Haloperidol,Haloperidol 5mg/5ml oral solution sugar free
,42273511000001100,3063541000033110,Levomepromazine Maleate,Levomepromazine 25mg tablets
,42275411000001100,2077841000033110,"Olanzapine,Olanzapine",Olanzapine 10mg oral lyophilisates sugar free
,42275511000001100,1003641000033110,Olanzapine,Olanzapine 10mg tablets
,42275611000001100,2759641000033110,Olanzapine,Olanzapine 15mg tablets
,42275711000001100,1661141000033110,Olanzapine,Olanzapine 2.5mg tablets
,42275811000001100,3866541000033110,"Olanzapine,Olanzapine",Olanzapine 20mg oral lyophilisates sugar free
,42275911000001100,3996241000033110,Olanzapine,Olanzapine 20mg tablets
,42276011000001100,2077741000033110,"Olanzapine,Olanzapine",Olanzapine 5mg oral lyophilisates sugar free
,42276111000001100,1003741000033110,Olanzapine,Olanzapine 5mg tablets
,42276211000001100,1003841000033110,Olanzapine,Olanzapine 7.5mg tablets
,42276311000001100,1022741000033110,Oxypertine,Oxypertine 10mg capsules
,42276411000001100,1026941000033110,Oxypertine,Oxypertine 40mg tablets
,42276811000001100,1066741000033110,Pericyazine,Pericyazine 10mg tablets
,42276911000001100,1067041000033110,Pericyazine,Pericyazine 2.5mg tablets
,42277011000001100,1065141000033110,Perphenazine,Perphenazine 2mg tablets
,42277111000001100,1065241000033110,Perphenazine,Perphenazine 4mg tablets
,42277411000001100,1090941000033110,Pimozide,Pimozide 2mg tablets
,42277511000001100,1091041000033110,Pimozide,Pimozide 4mg tablets
,42277611000001100,1134341000033110,Promazine Hydrochloride,Promazine 25mg tablets
,42277711000001100,1134441000033110,Promazine Hydrochloride,Promazine 50mg tablets
,42278011000001100,1150041000033110,Quetiapine Fumarate,Quetiapine 100mg tablets
,42278111000001100,4591841000033110,Quetiapine Fumarate,Quetiapine 200mg modified-release tablets
,42278211000001100,1150141000033110,Quetiapine Fumarate,Quetiapine 200mg tablets
,42278311000001100,1150241000033110,Quetiapine Fumarate,Quetiapine 25mg tablets
,42278411000001100,4591941000033110,Quetiapine Fumarate,Quetiapine 300mg modified-release tablets
,42278511000001100,2975841000033110,Quetiapine Fumarate,Quetiapine 300mg tablets
,42278611000001100,4592041000033110,Quetiapine Fumarate,Quetiapine 400mg modified-release tablets
,42278711000001100,1176641000033110,Risperidone,Risperidone 1mg tablets
,42278811000001100,1173941000033110,Risperidone,Risperidone 1mg/ml oral solution sugar free
,42278911000001100,1176741000033110,Risperidone,Risperidone 2mg tablets
,42279011000001100,1176841000033110,Risperidone,Risperidone 3mg tablets
,42279111000001100,1176941000033110,Risperidone,Risperidone 4mg tablets
,42279211000001100,2188241000033110,Risperidone,Risperidone 500microgram tablets
,42279311000001100,1177741000033110,Risperidone,Risperidone 6mg tablets
,42279411000001100,1396441000033110,Sulpiride,Sulpiride 200mg tablets
,42279611000001100,1397641000033110,Sulpiride,Sulpiride 400mg tablets
,42279711000001100,1433741000033110,Thioridazine,Thioridazine 100mg tablets
,42279811000001100,1432341000033110,Thioridazine,Thioridazine 100mg/5ml oral suspension
,42279911000001100,1433641000033110,Thioridazine,Thioridazine 10mg tablets
,42280011000001100,1433841000033110,Thioridazine,Thioridazine 25mg tablets
,42280111000001100,1432541000033110,Thioridazine,Thioridazine 25mg/5ml oral solution
,42280211000001100,1432441000033110,Thioridazine,Thioridazine 25mg/5ml oral suspension
,42280311000001100,1433941000033110,Thioridazine,Thioridazine 50mg tablets
,42281411000001100,1766041000033110,Zotepine,Zotepine 100mg tablets
,42281511000001100,1766141000033110,Zotepine,Zotepine 25mg tablets
,42281611000001100,1766241000033110,Zotepine,Zotepine 50mg tablets
,42405911000001100,14255041000033100,Olanzapine,Xyquila 10mg powder for solution for injection vials (Eramol (UK) Ltd)
,42547611000001100,14277941000033100,Levomepromazine Maleate,Levorol 6.25mg tablets (Galvany Pharma Ltd)
,42565811000001100,14277841000033100,Levomepromazine Maleate,Levomepromazine 6.25mg tablets
,42684011000001100,14397841000033100,Quetiapine Fumarate,Quetiapine 400mg tablets
,42684111000001100,14397741000033100,Quetiapine Fumarate,Quetiapine 50mg tablets
,429611000001104,1176541000033110,Risperidone,Risperdal 4mg tablets (Janssen-Cilag Ltd)
,42986711000001100,14506241000033100,Olanzapine,Ceyxa 10mg powder for solution for injection vials (Nordic Pharma Ltd)
,43185011000001100,14515941000033100,Aripiprazole,Elozar 10mg orodispersible tablets (Novumgen Ltd)
,43185211000001100,14516041000033100,Aripiprazole,Elozar 15mg orodispersible tablets (Novumgen Ltd)
,432111000001100,815841000033113,Chlorpromazine Hydrochloride,Largactil 100mg tablets (Sanofi)
,437611000001106,2759941000033110,"Olanzapine,Olanzapine",Zyprexa 15mg Velotabs (Neon Healthcare Ltd)
,44050811000001100,14852541000033100,Aripiprazole,Aripiprazole 1mg tablets
,44050911000001100,14852641000033100,Aripiprazole,Aripiprazole 2.5mg tablets
,44411000001109,480941000033116,Sulpiride,Dolmatil 200mg tablets (Sanofi)
,4544911000001100,1016441000033110,Pimozide,Orap 2mg tablets (Janssen-Cilag Ltd)
,4547611000001100,757541000033111,Oxypertine,Integrin 10mg capsules (Sterling-Winthrop)
,45811000001107,1386441000033110,Trifluoperazine,Stelazine 5mg tablets (Mercury Pharma Group Ltd)
,463911000001104,476541000033119,Haloperidol,Dozic 5mg/5ml oral solution (Rosemont Pharmaceuticals Ltd)
,467011000001109,1565241000033110,Olanzapine,Zyprexa 5mg tablets (Neon Healthcare Ltd)
,4729611000001100,1277141000033110,Sertindole,Serdolect 4mg tablets (Imported (Denmark))
,4731711000001100,1276841000033110,Sertindole,Serdolect 12mg tablets (Imported (Denmark))
,4732011000001100,1276941000033110,Sertindole,Serdolect 16mg tablets (Imported (Denmark))
,4732311000001100,1277041000033110,Sertindole,Serdolect 20mg tablets (Imported (Denmark))
,4748211000001100,1277241000033110,Sertindole,Sertindole 12mg tablets
,4748311000001100,1277341000033110,Sertindole,Sertindole 16mg tablets
,4748411000001100,1277441000033110,Sertindole,Sertindole 20mg tablets
,4748511000001100,1277541000033110,Sertindole,Sertindole 4mg tablets
,476411000001108,1277741000033110,Quetiapine Fumarate,Seroquel 200mg tablets (Luye Pharma Ltd)
,486611000001101,1565141000033110,Olanzapine,Zyprexa 10mg tablets (Neon Healthcare Ltd)
,4989111000001100,2975941000033110,Quetiapine Fumarate,Seroquel 300mg tablets (Luye Pharma Ltd)
,502611000001107,1269741000033110,Haloperidol,Serenace 2mg/ml liquid (Teva UK Ltd)
,507511000001106,593541000033112,Flupentixol,Fluanxol 500microgram tablets (Lundbeck Ltd)
,507511000001106,593541000033112,Flupentixol,Fluanxol 500microgram tablets (Lundbeck Ltd)
,511000001103,815941000033117,Chlorpromazine Hydrochloride,Largactil 25mg tablets (Sanofi)
,511111000001106,2759841000033110,Olanzapine,Zyprexa 15mg tablets (Neon Healthcare Ltd)
,518911000001100,1176441000033110,Risperidone,Risperdal 3mg tablets (Janssen-Cilag Ltd)
,522711000001106,1268341000033110,Haloperidol,Serenace 500microgram capsules (Teva UK Ltd)
,526611000001101,2188141000033110,Risperidone,Risperdal 500microgram tablets (Janssen-Cilag Ltd)
,555111000001102,892141000033114,Thioridazine,Melleril 100mg/5ml oral suspension (Novartis Pharmaceuticals UK Ltd)
,567111000001103,2955641000033110,Trifluoperazine,Terrazine 5mg tablets (Dr Reddy's Laboratories (UK) Ltd)
,5694111000001100,3030941000033110,Olanzapine,Zyprexa 10mg powder for solution for injection vials (Nordic Pharma Ltd)
,5818311000001100,3030841000033110,Olanzapine,Olanzapine 10mg powder for solution for injection vials
,58711000001108,892241000033119,Thioridazine,Melleril 25mg/5ml oral suspension (Novartis Pharmaceuticals UK Ltd)
,589911000001105,1176241000033110,Risperidone,Risperdal 1mg tablets (Janssen-Cilag Ltd)
,596211000001109,1277841000033110,Quetiapine Fumarate,Seroquel 25mg tablets (Luye Pharma Ltd)
,618211000001102,287141000033115,Zuclopenthixol Dihydrochloride,Clopixol 25mg tablets (Lundbeck Ltd)
,636711000001103,1385941000033110,Trifluoperazine,Stelazine 1mg/5ml syrup (Mercury Pharma Group Ltd)
,701911000001108,1512741000033110,Levomepromazine Maleate,Nozinan 25mg tablets (Neuraxpharm UK Ltd)
,710411000001106,1385441000033110,Trifluoperazine,Stelazine 15mg Spansules (Mercury Pharma Group Ltd)
,711411000001102,895841000033114,Thioridazine,Melleril 10mg tablets (Novartis Pharmaceuticals UK Ltd)
,714111000001105,1385541000033110,Trifluoperazine,Stelazine 2mg Spansules (Mercury Pharma Group Ltd)
,746611000001104,965641000033118,Pericyazine,Neulactil 2.5mg tablets (Sanofi)
,7637111000001100,3137841000033110,Aripiprazole,Abilify 10mg tablets (Otsuka Pharmaceuticals (U.K.) Ltd)
,7637411000001100,3137941000033110,Aripiprazole,Abilify 15mg tablets (Otsuka Pharmaceuticals (U.K.) Ltd)
,7637811000001100,3138041000033110,Aripiprazole,Abilify 30mg tablets (Otsuka Pharmaceuticals (U.K.) Ltd)
,7740511000001100,3141141000033110,Trifluoperazine,Stelazine Forte 1mg/ml oral solution (Mercury Pharma Group Ltd)
,776911000001109,1565341000033110,Olanzapine,Zyprexa 7.5mg tablets (Neon Healthcare Ltd)
,788511000001105,893741000033115,Thioridazine,Melleril 25mg/5ml syrup (Novartis Pharmaceuticals UK Ltd)
,7972911000001100,3158941000033110,Clozapine,Denzapine 25mg tablets (Britannia Pharmaceuticals Ltd)
,7974011000001100,3159041000033110,Clozapine,Denzapine 100mg tablets (Britannia Pharmaceuticals Ltd)
,827511000001102,286941000033115,Zuclopenthixol Dihydrochloride,Clopixol 10mg tablets (Lundbeck Ltd)
,8277211000001100,4940141000033110,Amisulpride,Amisulpride 25mg/5ml oral solution
,8277311000001100,5890941000033110,Amisulpride,Amisulpride 25mg/5ml oral suspension
,8359411000001100,1719341000033110,Chlorpromazine Hydrochloride,Chlorpromazine 100mg/5ml oral solution
,8359711000001100,3849441000033110,Chlorpromazine Hydrochloride,Chlorpromazine 50mg/5ml oral solution
,843011000001101,593441000033111,Flupentixol,Fluanxol 1mg tablets (Lundbeck Ltd)
,843011000001101,593441000033111,Flupentixol,Fluanxol 1mg tablets (Lundbeck Ltd)
,8527911000001100,5054641000033110,Haloperidol,Haloperidol 1mg/5ml oral solution
,8528011000001100,5890741000033110,Haloperidol,Haloperidol 1mg/5ml oral suspension
,8528311000001100,10493341000033100,Haloperidol,Haloperidol 500micrograms/5ml oral solution
,8528411000001100,10493441000033100,Haloperidol,Haloperidol 500micrograms/5ml oral suspension
,8582811000001100,5814341000033110,Levomepromazine Maleate,Levomepromazine 2.5mg/5ml oral suspension
,858911000001109,1176341000033110,Risperidone,Risperdal 2mg tablets (Janssen-Cilag Ltd)
,869511000001104,811041000033116,Chlorpromazine Hydrochloride,Largactil 50mg/2ml solution for injection ampoules (Sanofi)
,8838911000001100,3226341000033110,Clozapine,Zaponex 25mg tablets (Leyden Delta B.V.)
,883911000001106,896141000033110,Thioridazine,Melleril 50mg tablets (Novartis Pharmaceuticals UK Ltd)
,8839511000001100,3226441000033110,Clozapine,Zaponex 100mg tablets (Leyden Delta B.V.)
,884511000001101,895941000033118,Thioridazine,Melleril 100mg tablets (Novartis Pharmaceuticals UK Ltd)
,897111000001104,2078041000033110,"Olanzapine,Olanzapine",Zyprexa 10mg Velotabs (Neon Healthcare Ltd)
,899811000001103,1275941000033110,Haloperidol,Serenace 1.5mg tablets (Teva UK Ltd)
,9037911000001100,3225341000033110,Aripiprazole,Abilify 5mg tablets (Otsuka Pharmaceuticals (U.K.) Ltd)
,9044211000001100,3246141000033110,Risperidone,Risperdal Quicklet 500microgram orodispersible tablets (Janssen-Cilag Ltd)
,9045911000001100,3246041000033110,Risperidone,Risperidone 500microgram orodispersible tablets sugar free
,910611000001102,816041000033110,Chlorpromazine Hydrochloride,Largactil 50mg tablets (Sanofi)
,911311000001102,815741000033115,Chlorpromazine Hydrochloride,Largactil 10mg tablets (Sanofi)
,91711000001108,2077941000033110,"Olanzapine,Olanzapine",Zyprexa 5mg Velotabs (Neon Healthcare Ltd)
,917811000001104,965041000033112,Pericyazine,Neulactil Forte syrup (Sanofi)
,9483411000001100,69041000033115,Benperidol,Anquil 250microgram tablets (Neon Healthcare Ltd)
,9536311000001100,3063641000033110,Levomepromazine Maleate,Levomepromazine 6mg tablets
,9891011000001100,3866641000033110,"Olanzapine,Olanzapine",Zyprexa 20mg Velotabs (Neon Healthcare Ltd)
,10664611000001100,3950641000033110,Aripiprazole,Abilify 10mg orodispersible tablets (Otsuka Pharmaceuticals (U.K.) Ltd)
,10664911000001100,3950741000033110,Aripiprazole,Abilify 15mg orodispersible tablets (Otsuka Pharmaceuticals (U.K.) Ltd)
,10667211000001100,3950841000033110,Aripiprazole,Abilify 1mg/ml oral solution (Otsuka Pharmaceuticals (U.K.) Ltd)
,10675311000001100,3950341000033110,Aripiprazole,Aripiprazole 10mg orodispersible tablets sugar free
,10675411000001100,3950441000033110,Aripiprazole,Aripiprazole 15mg orodispersible tablets sugar free
,10878511000001100,3996341000033110,Olanzapine,Zyprexa 20mg tablets (Neon Healthcare Ltd)
,11134311000001100,4012341000033110,Risperidone,Risperdal Quicklet 4mg orodispersible tablets (Janssen-Cilag Ltd)
,11134611000001100,4012241000033110,Risperidone,Risperdal Quicklet 3mg orodispersible tablets (Janssen-Cilag Ltd)
,11140811000001100,4012041000033110,Risperidone,Risperidone 3mg orodispersible tablets sugar free
,11140911000001100,4012141000033110,Risperidone,Risperidone 4mg orodispersible tablets sugar free
,113611000001108,1276041000033110,Haloperidol,Serenace 10mg tablets (Teva UK Ltd)
,11749311000001100,4200941000033110,Paliperidone,Invega 3mg modified-release tablets (Janssen-Cilag Ltd)
,11749811000001100,4201041000033110,Paliperidone,Invega 6mg modified-release tablets (Janssen-Cilag Ltd)
,11751011000001100,4201141000033110,Paliperidone,Invega 9mg modified-release tablets (Janssen-Cilag Ltd)
,11763211000001100,4200641000033110,Paliperidone,Paliperidone 3mg modified-release tablets
,11763311000001100,4200741000033110,Paliperidone,Paliperidone 6mg modified-release tablets
,11763411000001100,4200841000033110,Paliperidone,Paliperidone 9mg modified-release tablets
,117911000001106,661541000033117,Haloperidol,Haldol 2mg/ml oral solution (Essential Pharma Ltd)
,12504911000001100,5969441000033110,Haloperidol,Haloperidol 1.5mg/5ml oral solution
,12505011000001100,5969541000033110,Haloperidol,Haloperidol 1.5mg/5ml oral suspension
,12505511000001100,5969641000033110,Haloperidol,Haloperidol 250micrograms/5ml oral solution
,12505611000001100,5969741000033110,Haloperidol,Haloperidol 250micrograms/5ml oral suspension
,12505911000001100,4424541000033110,Haloperidol,Haloperidol 5mg/5ml oral solution
,12506011000001100,5993541000033110,Haloperidol,Haloperidol 5mg/5ml oral suspension
,12646911000001100,6445641000033110,Levomepromazine Maleate,Levomepromazine 6mg/5ml oral suspension
,12797811000001100,10253841000033100,Melperone Hydrochloride,Melperone hydrochloride 100mg tablets
,13011611000001100,5889741000033110,Quetiapine Fumarate,Quetiapine 12.5mg/5ml oral solution
,13011711000001100,5889841000033110,Quetiapine Fumarate,Quetiapine 12.5mg/5ml oral suspension
,13012211000001100,5974841000033110,Quetiapine Fumarate,Quetiapine 25mg/5ml oral solution
,13012311000001100,5974941000033110,Quetiapine Fumarate,Quetiapine 25mg/5ml oral suspension
,13059411000001100,11798841000033100,Pimozide,Pimozide 2mg/5ml oral suspension
,13451111000001100,4456841000033110,Aripiprazole,Abilify 9.75mg/1.3ml solution for injection vials (Otsuka Pharmaceuticals (U.K.) Ltd)
,13456411000001100,4456741000033110,Aripiprazole,Aripiprazole 9.75mg/1.3ml solution for injection vials
,14015811000001100,5997341000033110,Olanzapine,Olanzapine 2.5mg/5ml oral solution
,14015911000001100,3892541000033110,Olanzapine,Olanzapine 2.5mg/5ml oral suspension
,14018611000001100,5891141000033110,Quetiapine Fumarate,Quetiapine 100mg/5ml oral solution
,14018711000001100,4422541000033110,Quetiapine Fumarate,Quetiapine 100mg/5ml oral suspension
,14025311000001100,4592241000033110,Quetiapine Fumarate,Seroquel XL 200mg tablets (Luye Pharma Ltd)
,14025711000001100,4592441000033110,Quetiapine Fumarate,Seroquel XL 400mg tablets (Luye Pharma Ltd)
,14026011000001100,4592341000033110,Quetiapine Fumarate,Seroquel XL 300mg tablets (Luye Pharma Ltd)
,14026511000001100,4592141000033110,Quetiapine Fumarate,Seroquel XL 50mg tablets (Luye Pharma Ltd)
,14042811000001100,4591741000033110,Quetiapine Fumarate,Quetiapine 50mg modified-release tablets
,145511000001103,2658941000033110,Sulpiride,Sulpor 200mg/5ml oral solution (Rosemont Pharmaceuticals Ltd)
,152111000001103,663541000033116,Haloperidol,Haldol 5mg tablets (Janssen-Cilag Ltd)
,153111000001109,1177641000033110,Risperidone,Risperdal 6mg tablets (Janssen-Cilag Ltd)
,153611000001101,287041000033119,Zuclopenthixol Dihydrochloride,Clopixol 2mg tablets (Lundbeck Ltd)
,15452011000001100,5975041000033110,Quetiapine Fumarate,Quetiapine 50mg/5ml oral solution
,15452111000001100,5975141000033110,Quetiapine Fumarate,Quetiapine 50mg/5ml oral suspension
,15498911000001100,5078241000033110,Clozapine,Denzapine 50mg tablets (Britannia Pharmaceuticals Ltd)
,15505711000001100,5078141000033110,Clozapine,Denzapine 200mg tablets (Britannia Pharmaceuticals Ltd)
,15506011000001100,5077741000033110,Clozapine,Denzapine 50mg/ml oral suspension (Britannia Pharmaceuticals Ltd)
,15506211000001100,5077941000033110,Clozapine,Clozapine 200mg tablets
,15506311000001100,5077641000033110,Clozapine,Clozapine 50mg/ml oral suspension sugar free
,160211000001102,896041000033111,Thioridazine,Melleril 25mg tablets (Novartis Pharmaceuticals UK Ltd)
,17689811000001100,5909441000033110,Quetiapine Fumarate,Seroquel XL 150mg tablets (Luye Pharma Ltd)
,17828611000001100,5909341000033110,Quetiapine Fumarate,Quetiapine 150mg modified-release tablets
,18172311000001100,6455741000033110,Ziprasidone,Ziprasidone 40mg capsules
,18956611000001100,11876741000033100,Chlorpromazine Hydrochloride,Chlorpromazine 25mg/5ml oral solution sugar free
,19525911000001100,6455841000033110,Ziprasidone,Ziprasidone 80mg capsules
,19587711000001100,6456941000033110,Olanzapine,Zalasta 2.5mg tablets (Krka UK Ltd)
,19587911000001100,6457141000033110,Olanzapine,Zalasta 5mg tablets (Krka UK Ltd)
,19588111000001100,6457241000033110,Olanzapine,Zalasta 7.5mg tablets (Krka UK Ltd)
,19588311000001100,6456741000033110,Olanzapine,Zalasta 10mg tablets (Krka UK Ltd)
,19588511000001100,6456841000033110,Olanzapine,Zalasta 15mg tablets (Krka UK Ltd)
,19588711000001100,6457041000033110,Olanzapine,Zalasta 20mg tablets (Krka UK Ltd)
,19608211000001100,6465641000033110,Olanzapine,Zalasta 5mg orodispersible tablets (Krka UK Ltd)
,19609111000001100,6466041000033110,Olanzapine,Olanzapine 10mg orodispersible tablets sugar free
,19609311000001100,6466141000033110,Olanzapine,Olanzapine 15mg orodispersible tablets sugar free
,19609411000001100,6466241000033110,Olanzapine,Olanzapine 20mg orodispersible tablets sugar free
,19609511000001100,6465941000033110,Olanzapine,Olanzapine 5mg orodispersible tablets sugar free
,19609711000001100,6465341000033110,Olanzapine,Zalasta 10mg orodispersible tablets (Krka UK Ltd)
,19610111000001100,6465441000033110,Olanzapine,Zalasta 15mg orodispersible tablets (Krka UK Ltd)
,19610411000001100,6465541000033110,Olanzapine,Zalasta 20mg orodispersible tablets (Krka UK Ltd)
,19626711000001100,7681641000033110,Olanzapine,Olanzapine 10mg orodispersible tablets
,19626811000001100,7681741000033110,Olanzapine,Olanzapine 15mg orodispersible tablets
,19626911000001100,7681841000033110,Olanzapine,Olanzapine 20mg orodispersible tablets
,19627011000001100,7681941000033110,Olanzapine,Olanzapine 5mg orodispersible tablets
,19725311000001100,6469841000033110,Clotiapine,Clotiapine 40mg tablets
,19809011000001100,2653841000033110,Levomepromazine Maleate,Levinan 6mg tablets (Kyowa Kirin Ltd)
,19890011000001100,6515041000033110,Olanzapine,Arkolamyl 10mg orodispersible tablets (Viatris UK Healthcare Ltd)
,19890311000001100,6515141000033110,Olanzapine,Arkolamyl 15mg orodispersible tablets (Viatris UK Healthcare Ltd)
,19890611000001100,6514941000033110,Olanzapine,Arkolamyl 5mg orodispersible tablets (Viatris UK Healthcare Ltd)
,19890911000001100,6515241000033110,Olanzapine,Arkolamyl 20mg orodispersible tablets (Viatris UK Healthcare Ltd)
,20176811000001100,8886041000033110,Chlorpromazine Hydrochloride,Chlorpromazine 10mg capsules
,20356011000001100,7687841000033110,Quetiapine Fumarate,Sondate XL 50mg tablets (Teva UK Ltd)
,20356211000001100,7687941000033110,Quetiapine Fumarate,Sondate XL 200mg tablets (Teva UK Ltd)
,20356411000001100,7688041000033110,Quetiapine Fumarate,Sondate XL 300mg tablets (Teva UK Ltd)
,20356611000001100,7688141000033110,Quetiapine Fumarate,Sondate XL 400mg tablets (Teva UK Ltd)
,21248811000001100,8112941000033110,Quetiapine Fumarate,Tenprolide XL 50mg tablets (Actavis UK Ltd)
,21249311000001100,8113041000033110,Quetiapine Fumarate,Tenprolide XL 200mg tablets (Actavis UK Ltd)
,21249511000001100,8113141000033110,Quetiapine Fumarate,Tenprolide XL 300mg tablets (Actavis UK Ltd)
,213711000001101,1385341000033110,Trifluoperazine,Stelazine 10mg Spansules (Mercury Pharma Group Ltd)
,21714411000001100,8246241000033110,Quetiapine Fumarate,Sondate XL 150mg tablets (Teva UK Ltd)
,22221211000001100,8298341000033110,Quetiapine Fumarate,Seotiapim XL 200mg tablets (Sandoz Ltd)
,22221411000001100,8298541000033110,Quetiapine Fumarate,Seotiapim XL 400mg tablets (Sandoz Ltd)
,22221611000001100,8298441000033110,Quetiapine Fumarate,Seotiapim XL 300mg tablets (Sandoz Ltd)
,22409511000001100,8349141000033110,Quetiapine Fumarate,Tenprolide XL 400mg tablets (Actavis UK Ltd)
,22635511000001100,11730041000033100,Quetiapine Fumarate,Quetiapine 200mg/5ml oral suspension
,228411000001106,1276241000033110,Haloperidol,Serenace 5mg tablets (Teva UK Ltd)
,24311000001100,1366741000033110,Amisulpride,Solian 50 tablets (Sanofi)
,246411000001108,1396541000033110,Sulpiride,Sulpitil 200mg tablets (Pfizer Ltd)
,254011000001107,2216741000033110,Amisulpride,Solian 400 tablets (Sanofi)
,25803211000001100,9604441000033110,Quetiapine Fumarate,Ebesque XL 50mg tablets (Ethypharm UK Ltd)
,25804311000001100,9605541000033110,Quetiapine Fumarate,Ebesque XL 200mg tablets (Ethypharm UK Ltd)
,25804911000001100,9605941000033110,Quetiapine Fumarate,Ebesque XL 300mg tablets (Ethypharm UK Ltd)
,25806011000001100,9606341000033110,Quetiapine Fumarate,Ebesque XL 400mg tablets (Ethypharm UK Ltd)
,26654411000001100,9809241000033110,Lurasidone Hydrochloride,Latuda 18.5mg tablets (CNX Therapeutics Ltd)
,26654711000001100,9809341000033110,Lurasidone Hydrochloride,Latuda 37mg tablets (CNX Therapeutics Ltd)
,26655011000001100,9809441000033110,Lurasidone Hydrochloride,Latuda 74mg tablets (CNX Therapeutics Ltd)
,26655311000001100,9808941000033110,Lurasidone Hydrochloride,Lurasidone 18.5mg tablets
,26655411000001100,9809041000033110,Lurasidone Hydrochloride,Lurasidone 37mg tablets
,26655511000001100,9809141000033110,Lurasidone Hydrochloride,Lurasidone 74mg tablets
,271211000001102,663441000033117,Haloperidol,Haldol 10mg tablets (Janssen-Cilag Ltd)
,27842211000001100,10615141000033100,Quetiapine Fumarate,Atrolak XL 50mg tablets (Accord-UK Ltd)
,27842411000001100,10615241000033100,Quetiapine Fumarate,Atrolak XL 200mg tablets (Accord-UK Ltd)
,27842611000001100,10615341000033100,Quetiapine Fumarate,Atrolak XL 300mg tablets (Accord-UK Ltd)
,27842811000001100,10615441000033100,Quetiapine Fumarate,Atrolak XL 400mg tablets (Accord-UK Ltd)
,27946311000001100,13719141000033100,Levomepromazine Maleate,Levomepromazine 100mg tablets
,28400211000001100,10041141000033100,Quetiapine Fumarate,Biquelle XL 50mg tablets (Aspire Pharma Ltd)
,28400411000001100,10041241000033100,Quetiapine Fumarate,Biquelle XL 150mg tablets (Aspire Pharma Ltd)
,28400611000001100,10041441000033100,Quetiapine Fumarate,Biquelle XL 300mg tablets (Aspire Pharma Ltd)
,28400811000001100,10041541000033100,Quetiapine Fumarate,Biquelle XL 400mg tablets (Aspire Pharma Ltd)
,28401011000001100,10041341000033100,Quetiapine Fumarate,Biquelle XL 200mg tablets (Aspire Pharma Ltd)
,28411511000001100,10041741000033100,Quetiapine Fumarate,Zaluron XL 50mg tablets (Fontus Health Ltd)
,28411711000001100,10041841000033100,Quetiapine Fumarate,Zaluron XL 150mg tablets (Fontus Health Ltd)
,28411911000001100,10041941000033100,Quetiapine Fumarate,Zaluron XL 200mg tablets (Fontus Health Ltd)
,28412111000001100,10042041000033100,Quetiapine Fumarate,Zaluron XL 300mg tablets (Fontus Health Ltd)
,28412311000001100,10042141000033100,Quetiapine Fumarate,Zaluron XL 400mg tablets (Fontus Health Ltd)
,2841911000001100,2835241000033110,Amisulpride,Solian 100 tablets (Sanofi)
,2880511000001100,813441000033114,Chlorpromazine Hydrochloride,Largactil Forte 100mg/5ml oral suspension (Sanofi)
,28994711000001100,10254741000033100,Quetiapine Fumarate,Mintreleq XL 50mg tablets (Aristo Pharma Ltd)
,28994911000001100,10254841000033100,Quetiapine Fumarate,Mintreleq XL 150mg tablets (Aristo Pharma Ltd)
,28995111000001100,10254941000033100,Quetiapine Fumarate,Mintreleq XL 200mg tablets (Aristo Pharma Ltd)
,28995611000001100,10255041000033100,Quetiapine Fumarate,Mintreleq XL 300mg tablets (Aristo Pharma Ltd)
,28995811000001100,10255141000033100,Quetiapine Fumarate,Mintreleq XL 400mg tablets (Aristo Pharma Ltd)
,30799611000001100,2758141000033110,Haloperidol,Haloperidol 200micrograms/ml oral solution sugar free
,319511000001103,1366641000033110,Amisulpride,Solian 200 tablets (Sanofi)
,322411000001102,2955541000033110,Trifluoperazine,Terrazine 1mg tablets (Dr Reddy's Laboratories (UK) Ltd)
,3245711000001100,1271641000033110,"Haloperidol,Haloperidol",Serenace 5mg/1ml solution for injection ampoules (IVAX Pharmaceuticals UK Ltd)
,3246911000001100,2929841000033110,Haloperidol,Haldol 5mg/1ml solution for injection ampoules (Janssen-Cilag Ltd)
,32503211000001100,11578941000033100,Quetiapine Fumarate,Psyquet XL 50mg tablets (Sandoz Ltd)
,32503411000001100,11579241000033100,Quetiapine Fumarate,Psyquet XL 150mg tablets (Sandoz Ltd)
,32503611000001100,11579341000033100,Quetiapine Fumarate,Psyquet XL 200mg tablets (Sandoz Ltd)
,32503811000001100,11579441000033100,Quetiapine Fumarate,Psyquet XL 300mg tablets (Sandoz Ltd)
,32504011000001100,11579541000033100,Quetiapine Fumarate,Psyquet XL 400mg tablets (Sandoz Ltd)
,325311000001103,1386341000033110,Trifluoperazine,Stelazine 1mg tablets (Mercury Pharma Group Ltd)
,32687711000001100,11583741000033100,Loxapine,Loxapine 9.1mg/dose inhalation powder
,32687811000001100,11583841000033100,Loxapine,Adasuve 9.1mg/dose inhalation powder (Galen Ltd)
,33391011000001100,11753641000033100,Quetiapine Fumarate,Quetiapine 20mg/ml oral suspension sugar free
,33568811000001100,11782141000033100,Quetiapine Fumarate,Brancico XL 300mg tablets (Zentiva Pharma UK Ltd)
,33569011000001100,11782041000033100,Quetiapine Fumarate,Brancico XL 200mg tablets (Zentiva Pharma UK Ltd)
,33569711000001100,11781941000033100,Quetiapine Fumarate,Brancico XL 150mg tablets (Zentiva Pharma UK Ltd)
,33569911000001100,11782341000033100,Quetiapine Fumarate,Brancico XL 50mg tablets (Zentiva Pharma UK Ltd)
,33570111000001100,11782241000033100,Quetiapine Fumarate,Brancico XL 400mg tablets (Zentiva Pharma UK Ltd)
,33690711000001100,11821541000033100,Levomepromazine Maleate,Levomepromazine 62.5mg/5ml oral suspension
,337311000001109,1713941000033110,Olanzapine,Zyprexa 2.5mg tablets (Neon Healthcare Ltd)
,340011000001109,965541000033119,Pericyazine,Neulactil 10mg tablets (Sanofi)
,340911000001108,1277641000033110,Quetiapine Fumarate,Seroquel 100mg tablets (Luye Pharma Ltd)
,343311000001101,1173841000033110,Risperidone,Risperdal 1mg/ml oral solution (Janssen-Cilag Ltd)
,3434911000001100,2759741000033110,"Olanzapine,Olanzapine",Olanzapine 15mg oral lyophilisates sugar free
,34936811000001100,12428041000033100,Quetiapine Fumarate,Atrolak XL 150mg tablets (Accord-UK Ltd)
,35753411000001100,13155441000033100,Haloperidol,Halkid 200micrograms/ml oral solution (Thame Laboratories Ltd)
,35771811000001100,12665741000033100,Cariprazine Hydrochloride,Reagila 1.5mg capsules (Recordati Pharmaceuticals Ltd)
,35772111000001100,12665841000033100,Cariprazine Hydrochloride,Reagila 3mg capsules (Recordati Pharmaceuticals Ltd)
,35772411000001100,12665941000033100,Cariprazine Hydrochloride,Reagila 4.5mg capsules (Recordati Pharmaceuticals Ltd)
,35772711000001100,12666041000033100,Cariprazine Hydrochloride,Reagila 6mg capsules (Recordati Pharmaceuticals Ltd)
,35853811000001100,12665341000033100,Cariprazine Hydrochloride,Cariprazine 1.5mg capsules
,35853911000001100,12665441000033100,Cariprazine Hydrochloride,Cariprazine 3mg capsules
,35854011000001100,12665541000033100,Cariprazine Hydrochloride,Cariprazine 4.5mg capsules
,35854111000001100,12665641000033100,Cariprazine Hydrochloride,Cariprazine 6mg capsules
,35901111000001100,2644841000033110,Amisulpride,Amisulpride 100mg/ml oral solution sugar free
,35931111000001100,1698441000033110,Sulpiride,Sulpiride 200mg/5ml oral solution sugar free
,35931311000001100,1129641000033110,Promazine Hydrochloride,Promazine 25mg/5ml oral solution
,36027911000001100,1063541000033110,Pericyazine,Pericyazine 10mg/5ml oral solution
,36053411000001100,659641000033111,"Haloperidol,Haloperidol",Haloperidol 20mg/2ml solution for injection ampoules
,36053511000001100,2929741000033110,"Haloperidol,Haloperidol",Haloperidol 5mg/1ml solution for injection ampoules
,36137911000001100,246641000033118,Chlorpromazine Hydrochloride,Chlorpromazine 100mg/5ml oral suspension sugar free
,36138211000001100,3858941000033110,"Chlorpromazine Hydrochloride,Chlorpromazine Hydrochloride",Chlorpromazine 25mg/1ml solution for injection ampoules
,36138311000001100,240041000033110,Chlorpromazine Hydrochloride,Chlorpromazine 25mg/5ml oral solution
,36138411000001100,241341000033116,Chlorpromazine Hydrochloride,Chlorpromazine 50mg/2ml solution for injection ampoules
,36143111000001100,1466941000033110,Trifluoperazine,Trifluoperazine 10mg modified-release capsules
,36143211000001100,1467041000033110,Trifluoperazine,Trifluoperazine 15mg modified-release capsules
,36143311000001100,1467641000033110,Trifluoperazine,Trifluoperazine 1mg/5ml oral solution sugar free
,36143511000001100,1467141000033110,Trifluoperazine,Trifluoperazine 2mg modified-release capsules
,36151811000001100,1563441000033110,Zuclopenthixol Acetate,Zuclopenthixol acetate 100mg/2ml solution for injection ampoules
,36152011000001100,1563541000033110,Zuclopenthixol Acetate,Zuclopenthixol acetate 50mg/1ml solution for injection ampoules
,3679611000001100,431741000033118,Flupentixol,Depixol 3mg tablets (Lundbeck Ltd)
,3679611000001100,431741000033118,Flupentixol,Depixol 3mg tablets (Lundbeck Ltd)
,3680311000001100,570941000033117,Perphenazine,Fentazin 2mg tablets (Advanz Pharma)
,3680911000001100,571041000033110,Perphenazine,Fentazin 4mg tablets (Advanz Pharma)
,3686111000001100,935041000033115,Fluphenazine Hydrochloride,Moditen 1mg tablets (Sanofi)
,36868411000001100,12990341000033100,Aripiprazole,Arpoya 5mg tablets (Torrent Pharma (UK) Ltd)
,36868711000001100,12990441000033100,Aripiprazole,Arpoya 10mg tablets (Torrent Pharma (UK) Ltd)
,36869111000001100,12990541000033100,Aripiprazole,Arpoya 15mg tablets (Torrent Pharma (UK) Ltd)
,36869311000001100,12990641000033100,Aripiprazole,Arpoya 30mg tablets (Torrent Pharma (UK) Ltd)
,3688011000001100,1016541000033110,Pimozide,Orap 4mg tablets (Eumedica Pharma Ltd)
,3688311000001100,2846441000033110,Benperidol,Benquil 250microgram tablets (Concord Pharmaceuticals Ltd)
,36905011000001100,12988741000033100,Olanzapine,Olanzapine 2.5mg orodispersible tablets sugar free
,36905111000001100,12988841000033100,Olanzapine,Olanzapine 7.5mg orodispersible tablets sugar free
,37249011000001100,13353241000033100,Aripiprazole,Aripiprazole 1mg/ml oral solution sugar free
,37687211000001100,13158941000033100,Clozapine,Zaponex 12.5mg orodispersible tablets (Leyden Delta B.V.)
,37687511000001100,13159141000033100,Clozapine,Zaponex 25mg orodispersible tablets (Leyden Delta B.V.)
,37687811000001100,13159241000033100,Clozapine,Zaponex 50mg orodispersible tablets (Leyden Delta B.V.)
,37688211000001100,13158841000033100,Clozapine,Zaponex 100mg orodispersible tablets (Leyden Delta B.V.)
,37688811000001100,13159041000033100,Clozapine,Zaponex 200mg orodispersible tablets (Leyden Delta B.V.)
,37697511000001100,13158341000033100,Clozapine,Clozapine 100mg orodispersible tablets sugar free
,37697711000001100,13158441000033100,Clozapine,Clozapine 12.5mg orodispersible tablets sugar free
,37697811000001100,13158541000033100,Clozapine,Clozapine 200mg orodispersible tablets sugar free
,37697911000001100,13158641000033100,Clozapine,Clozapine 25mg orodispersible tablets sugar free
,37698011000001100,13158741000033100,Clozapine,Clozapine 50mg orodispersible tablets sugar free
,379911000001101,813741000033119,Chlorpromazine Hydrochloride,Largactil 25mg/5ml syrup (Sanofi)
,3825711000001100,935141000033116,Fluphenazine Hydrochloride,Moditen 2.5mg tablets (Sanofi)
,3826011000001100,935241000033111,Fluphenazine Hydrochloride,Moditen 5mg tablets (Sanofi-Synthelabo Ltd)
,3830311000001100,284941000033113,Clozapine,Clozaril 25mg tablets (Viatris UK Healthcare Ltd)
,3832011000001100,285041000033113,Clozapine,Clozaril 100mg tablets (Viatris UK Healthcare Ltd)
,38696711000001100,13581641000033100,Risperidone,Risperidone 250microgram tablets
,3872811000001100,842041000033117,Loxapine Succinate,Loxapac 10mg capsules (Wyeth Pharmaceuticals)
,387311000001101,1276141000033110,Haloperidol,Serenace 20mg tablets (Teva UK Ltd)
,3873611000001100,842241000033113,Loxapine Succinate,Loxapac 50mg capsules (Wyeth Pharmaceuticals)
,38750711000001100,1464141000033110,Trifluoperazine,Trifluoperazine 5mg/5ml oral solution sugar free
,38753511000001100,2640141000033110,Promazine Hydrochloride,Promazine 50mg/5ml oral solution
,38895311000001100,3063441000033110,"Levomepromazine Hydrochloride,Levomepromazine Hydrochloride,Levomepromazine Hydrochloride",Levomepromazine 25mg/1ml solution for injection ampoules
,38931811000001100,13719041000033100,Levomepromazine Maleate,Levomepromazine 50mg tablets
,39005011000001100,13734941000033100,Quetiapine Fumarate,Biquelle XL 600mg tablets (Aspire Pharma Ltd)
,39027411000001100,13734841000033100,Quetiapine Fumarate,Quetiapine 600mg modified-release tablets
,3904811000001100,1765841000033110,Zotepine,Zoleptil 25 tablets (Movianto UK Ltd)
,3905611000001100,1765941000033110,Zotepine,Zoleptil 50 tablets (Movianto UK Ltd)
,39125711000001100,13745541000033100,Haloperidol,Haloperidol 5mg/5ml oral solution sugar free (Special Order)
,39148811000001100,13748441000033100,Trifluoperazine,Trifluoperazine 1mg/5ml oral suspension (Special Order)
,3927511000001100,1271541000033110,"Haloperidol,Haloperidol",Serenace 20mg/2ml solution for injection ampoules (IVAX Pharmaceuticals UK Ltd)
,3933811000001100,2644941000033110,Amisulpride,Solian 100mg/ml oral solution (Sanofi)
,39692411000001100,3091241000033110,Flupentixol,Flupentixol 3mg tablets
,39699511000001100,840741000033115,Loxapine Succinate,Loxapine 10mg capsules
,39699611000001100,840841000033113,Loxapine Succinate,Loxapine 25mg capsules
,39699711000001100,840941000033117,Loxapine Succinate,Loxapine 50mg capsules
,39703111000001100,1844641000033110,Quetiapine Fumarate,Quetiapine 150mg tablets
,39706011000001100,1470641000033110,Trifluoperazine,Trifluoperazine 1mg tablets
,39706211000001100,1470741000033110,Trifluoperazine,Trifluoperazine 5mg tablets
,39707711000001100,1564041000033110,Zuclopenthixol Dihydrochloride,Zuclopenthixol 10mg tablets
,39707911000001100,1564141000033110,Zuclopenthixol Dihydrochloride,Zuclopenthixol 2mg tablets
,39708111000001100,1564241000033110,Zuclopenthixol Dihydrochloride,Zuclopenthixol 25mg tablets
,4023011000001100,842141000033118,Loxapine Succinate,Loxapac 25mg capsules (Wyeth Pharmaceuticals)
,4039211000001100,2869041000033110,Risperidone,Risperdal Quicklet 1mg orodispersible tablets (Janssen-Cilag Ltd)
,4039711000001100,2869141000033110,Risperidone,Risperdal Quicklet 2mg orodispersible tablets (Janssen-Cilag Ltd)
,4054011000001100,2868841000033110,Risperidone,Risperidone 1mg orodispersible tablets sugar free
,4054111000001100,2868941000033110,Risperidone,Risperidone 2mg orodispersible tablets sugar free
,40884711000001100,14063441000033100,Aripiprazole,Aripiprazole 10mg tablets (Imported)
,4111000001106,1844741000033110,Quetiapine Fumarate,Seroquel 150mg tablets (AstraZeneca UK Ltd)
,4124511000001100,1765741000033110,Zotepine,Zoleptil 100 tablets (Movianto UK Ltd)
,4129911000001100,273641000033114,Zuclopenthixol Acetate,Clopixol Acuphase 50mg/1ml solution for injection ampoules (Lundbeck Ltd)
,4130411000001100,274841000033112,Zuclopenthixol Acetate,Clopixol Acuphase 100mg/2ml solution for injection ampoules (Lundbeck Ltd)
,41442811000001100,14174441000033100,Levomepromazine Hydrochloride,Levorol 5mg/ml oral solution (Galvany Pharma Ltd)
,41482411000001100,14174341000033100,Levomepromazine Hydrochloride,Levomepromazine hydrochloride 25mg/5ml oral solution sugar free
,416411000001101,479841000033112,Sulpiride,Dolmatil 400mg tablets (Sanofi)
,4182911000001100,981641000033117,"Levomepromazine Hydrochloride,Levomepromazine Hydrochloride,Levomepromazine Hydrochloride",Nozinan 25mg/1ml solution for injection ampoules (Neuraxpharm UK Ltd)
,42267611000001100,2835141000033110,Amisulpride,Amisulpride 100mg tablets
,42267711000001100,58941000033117,Amisulpride,Amisulpride 200mg tablets
,42267811000001100,2216641000033110,Amisulpride,Amisulpride 400mg tablets
,42267911000001100,59041000033114,Amisulpride,Amisulpride 50mg tablets
,42268111000001100,3137541000033110,Aripiprazole,Aripiprazole 10mg tablets
,42268211000001100,3137641000033110,Aripiprazole,Aripiprazole 15mg tablets
,42268311000001100,3950541000033110,Aripiprazole,Aripiprazole 1mg/ml oral solution
,42268411000001100,3137741000033110,Aripiprazole,Aripiprazole 30mg tablets
,42268511000001100,3225241000033110,Aripiprazole,Aripiprazole 5mg tablets
,42268611000001100,145141000033119,Benperidol,Benperidol 250microgram tablets
,42268711000001100,12667641000033100,Chlorpromazine,Chlorpromazine 100mg suppositories
,42268811000001100,249141000033118,Chlorpromazine Hydrochloride,Chlorpromazine 100mg tablets
,42268911000001100,249041000033117,Chlorpromazine Hydrochloride,Chlorpromazine 10mg tablets
,42269011000001100,8885941000033110,Chlorpromazine,Chlorpromazine 25mg suppositories
,42269111000001100,249241000033113,Chlorpromazine Hydrochloride,Chlorpromazine 25mg tablets
,42269211000001100,249341000033115,Chlorpromazine Hydrochloride,Chlorpromazine 50mg tablets
,42270011000001100,287541000033112,Clozapine,Clozapine 100mg tablets
,42270111000001100,287641000033113,Clozapine,Clozapine 25mg tablets
,42270211000001100,5078041000033110,Clozapine,Clozapine 50mg tablets
,42272111000001100,595441000033112,Fluphenazine Hydrochloride,Fluphenazine 1mg tablets
,42272211000001100,595641000033114,Fluphenazine Hydrochloride,Fluphenazine 2.5mg tablets
,42272311000001100,595741000033117,Fluphenazine Hydrochloride,Fluphenazine 5mg tablets
,42272611000001100,662341000033115,Haloperidol,Haloperidol 1.5mg tablets
,42272711000001100,663241000033118,Haloperidol,Haloperidol 10mg tablets
,42272811000001100,661341000033112,Haloperidol,Haloperidol 10mg/5ml oral solution sugar free
,42272911000001100,662441000033114,Haloperidol,Haloperidol 20mg tablets
,42273011000001100,658341000033110,Haloperidol,Haloperidol 500microgram capsules
,42273111000001100,663341000033111,Haloperidol,Haloperidol 500microgram tablets
,42273211000001100,662541000033110,Haloperidol,Haloperidol 5mg tablets
,42273311000001100,660341000033116,Haloperidol,Haloperidol 5mg/5ml oral solution sugar free
,42273511000001100,3063541000033110,Levomepromazine Maleate,Levomepromazine 25mg tablets
,42275411000001100,2077841000033110,"Olanzapine,Olanzapine",Olanzapine 10mg oral lyophilisates sugar free
,42275511000001100,1003641000033110,Olanzapine,Olanzapine 10mg tablets
,42275611000001100,2759641000033110,Olanzapine,Olanzapine 15mg tablets
,42275711000001100,1661141000033110,Olanzapine,Olanzapine 2.5mg tablets
,42275811000001100,3866541000033110,"Olanzapine,Olanzapine",Olanzapine 20mg oral lyophilisates sugar free
,42275911000001100,3996241000033110,Olanzapine,Olanzapine 20mg tablets
,42276011000001100,2077741000033110,"Olanzapine,Olanzapine",Olanzapine 5mg oral lyophilisates sugar free
,42276111000001100,1003741000033110,Olanzapine,Olanzapine 5mg tablets
,42276211000001100,1003841000033110,Olanzapine,Olanzapine 7.5mg tablets
,42276311000001100,1022741000033110,Oxypertine,Oxypertine 10mg capsules
,42276411000001100,1026941000033110,Oxypertine,Oxypertine 40mg tablets
,42276811000001100,1066741000033110,Pericyazine,Pericyazine 10mg tablets
,42276911000001100,1067041000033110,Pericyazine,Pericyazine 2.5mg tablets
,42277011000001100,1065141000033110,Perphenazine,Perphenazine 2mg tablets
,42277111000001100,1065241000033110,Perphenazine,Perphenazine 4mg tablets
,42277411000001100,1090941000033110,Pimozide,Pimozide 2mg tablets
,42277511000001100,1091041000033110,Pimozide,Pimozide 4mg tablets
,42277611000001100,1134341000033110,Promazine Hydrochloride,Promazine 25mg tablets
,42277711000001100,1134441000033110,Promazine Hydrochloride,Promazine 50mg tablets
,42278011000001100,1150041000033110,Quetiapine Fumarate,Quetiapine 100mg tablets
,42278111000001100,4591841000033110,Quetiapine Fumarate,Quetiapine 200mg modified-release tablets
,42278211000001100,1150141000033110,Quetiapine Fumarate,Quetiapine 200mg tablets
,42278311000001100,1150241000033110,Quetiapine Fumarate,Quetiapine 25mg tablets
,42278411000001100,4591941000033110,Quetiapine Fumarate,Quetiapine 300mg modified-release tablets
,42278511000001100,2975841000033110,Quetiapine Fumarate,Quetiapine 300mg tablets
,42278611000001100,4592041000033110,Quetiapine Fumarate,Quetiapine 400mg modified-release tablets
,42278711000001100,1176641000033110,Risperidone,Risperidone 1mg tablets
,42278811000001100,1173941000033110,Risperidone,Risperidone 1mg/ml oral solution sugar free
,42278911000001100,1176741000033110,Risperidone,Risperidone 2mg tablets
,42279011000001100,1176841000033110,Risperidone,Risperidone 3mg tablets
,42279111000001100,1176941000033110,Risperidone,Risperidone 4mg tablets
,42279211000001100,2188241000033110,Risperidone,Risperidone 500microgram tablets
,42279311000001100,1177741000033110,Risperidone,Risperidone 6mg tablets
,42279411000001100,1396441000033110,Sulpiride,Sulpiride 200mg tablets
,42279611000001100,1397641000033110,Sulpiride,Sulpiride 400mg tablets
,42279711000001100,1433741000033110,Thioridazine,Thioridazine 100mg tablets
,42279811000001100,1432341000033110,Thioridazine,Thioridazine 100mg/5ml oral suspension
,42279911000001100,1433641000033110,Thioridazine,Thioridazine 10mg tablets
,42280011000001100,1433841000033110,Thioridazine,Thioridazine 25mg tablets
,42280111000001100,1432541000033110,Thioridazine,Thioridazine 25mg/5ml oral solution
,42280211000001100,1432441000033110,Thioridazine,Thioridazine 25mg/5ml oral suspension
,42280311000001100,1433941000033110,Thioridazine,Thioridazine 50mg tablets
,42281411000001100,1766041000033110,Zotepine,Zotepine 100mg tablets
,42281511000001100,1766141000033110,Zotepine,Zotepine 25mg tablets
,42281611000001100,1766241000033110,Zotepine,Zotepine 50mg tablets
,42405911000001100,14255041000033100,Olanzapine,Xyquila 10mg powder for solution for injection vials (Eramol (UK) Ltd)
,42547611000001100,14277941000033100,Levomepromazine Maleate,Levorol 6.25mg tablets (Galvany Pharma Ltd)
,42565811000001100,14277841000033100,Levomepromazine Maleate,Levomepromazine 6.25mg tablets
,42684011000001100,14397841000033100,Quetiapine Fumarate,Quetiapine 400mg tablets
,42684111000001100,14397741000033100,Quetiapine Fumarate,Quetiapine 50mg tablets
,429611000001104,1176541000033110,Risperidone,Risperdal 4mg tablets (Janssen-Cilag Ltd)
,42986711000001100,14506241000033100,Olanzapine,Ceyxa 10mg powder for solution for injection vials (Nordic Pharma Ltd)
,43185011000001100,14515941000033100,Aripiprazole,Elozar 10mg orodispersible tablets (Novumgen Ltd)
,43185211000001100,14516041000033100,Aripiprazole,Elozar 15mg orodispersible tablets (Novumgen Ltd)
,432111000001100,815841000033113,Chlorpromazine Hydrochloride,Largactil 100mg tablets (Sanofi)
,437611000001106,2759941000033110,"Olanzapine,Olanzapine",Zyprexa 15mg Velotabs (Neon Healthcare Ltd)
,44050811000001100,14852541000033100,Aripiprazole,Aripiprazole 1mg tablets
,44050911000001100,14852641000033100,Aripiprazole,Aripiprazole 2.5mg tablets
,44411000001109,480941000033116,Sulpiride,Dolmatil 200mg tablets (Sanofi)
,4544911000001100,1016441000033110,Pimozide,Orap 2mg tablets (Janssen-Cilag Ltd)
,4547611000001100,757541000033111,Oxypertine,Integrin 10mg capsules (Sterling-Winthrop)
,45811000001107,1386441000033110,Trifluoperazine,Stelazine 5mg tablets (Mercury Pharma Group Ltd)
,463911000001104,476541000033119,Haloperidol,Dozic 5mg/5ml oral solution (Rosemont Pharmaceuticals Ltd)
,467011000001109,1565241000033110,Olanzapine,Zyprexa 5mg tablets (Neon Healthcare Ltd)
,4729611000001100,1277141000033110,Sertindole,Serdolect 4mg tablets (Imported (Denmark))
,4731711000001100,1276841000033110,Sertindole,Serdolect 12mg tablets (Imported (Denmark))
,4732011000001100,1276941000033110,Sertindole,Serdolect 16mg tablets (Imported (Denmark))
,4732311000001100,1277041000033110,Sertindole,Serdolect 20mg tablets (Imported (Denmark))
,4748211000001100,1277241000033110,Sertindole,Sertindole 12mg tablets
,4748311000001100,1277341000033110,Sertindole,Sertindole 16mg tablets
,4748411000001100,1277441000033110,Sertindole,Sertindole 20mg tablets
,4748511000001100,1277541000033110,Sertindole,Sertindole 4mg tablets
,476411000001108,1277741000033110,Quetiapine Fumarate,Seroquel 200mg tablets (Luye Pharma Ltd)
,486611000001101,1565141000033110,Olanzapine,Zyprexa 10mg tablets (Neon Healthcare Ltd)
,4989111000001100,2975941000033110,Quetiapine Fumarate,Seroquel 300mg tablets (Luye Pharma Ltd)
,502611000001107,1269741000033110,Haloperidol,Serenace 2mg/ml liquid (Teva UK Ltd)
,507511000001106,593541000033112,Flupentixol,Fluanxol 500microgram tablets (Lundbeck Ltd)
,507511000001106,593541000033112,Flupentixol,Fluanxol 500microgram tablets (Lundbeck Ltd)
,511000001103,815941000033117,Chlorpromazine Hydrochloride,Largactil 25mg tablets (Sanofi)
,511111000001106,2759841000033110,Olanzapine,Zyprexa 15mg tablets (Neon Healthcare Ltd)
,518911000001100,1176441000033110,Risperidone,Risperdal 3mg tablets (Janssen-Cilag Ltd)
,522711000001106,1268341000033110,Haloperidol,Serenace 500microgram capsules (Teva UK Ltd)
,526611000001101,2188141000033110,Risperidone,Risperdal 500microgram tablets (Janssen-Cilag Ltd)
,555111000001102,892141000033114,Thioridazine,Melleril 100mg/5ml oral suspension (Novartis Pharmaceuticals UK Ltd)
,567111000001103,2955641000033110,Trifluoperazine,Terrazine 5mg tablets (Dr Reddy's Laboratories (UK) Ltd)
,5694111000001100,3030941000033110,Olanzapine,Zyprexa 10mg powder for solution for injection vials (Nordic Pharma Ltd)
,5818311000001100,3030841000033110,Olanzapine,Olanzapine 10mg powder for solution for injection vials
,58711000001108,892241000033119,Thioridazine,Melleril 25mg/5ml oral suspension (Novartis Pharmaceuticals UK Ltd)
,589911000001105,1176241000033110,Risperidone,Risperdal 1mg tablets (Janssen-Cilag Ltd)
,596211000001109,1277841000033110,Quetiapine Fumarate,Seroquel 25mg tablets (Luye Pharma Ltd)
,618211000001102,287141000033115,Zuclopenthixol Dihydrochloride,Clopixol 25mg tablets (Lundbeck Ltd)
,636711000001103,1385941000033110,Trifluoperazine,Stelazine 1mg/5ml syrup (Mercury Pharma Group Ltd)
,701911000001108,1512741000033110,Levomepromazine Maleate,Nozinan 25mg tablets (Neuraxpharm UK Ltd)
,710411000001106,1385441000033110,Trifluoperazine,Stelazine 15mg Spansules (Mercury Pharma Group Ltd)
,711411000001102,895841000033114,Thioridazine,Melleril 10mg tablets (Novartis Pharmaceuticals UK Ltd)
,714111000001105,1385541000033110,Trifluoperazine,Stelazine 2mg Spansules (Mercury Pharma Group Ltd)
,746611000001104,965641000033118,Pericyazine,Neulactil 2.5mg tablets (Sanofi)
,7637111000001100,3137841000033110,Aripiprazole,Abilify 10mg tablets (Otsuka Pharmaceuticals (U.K.) Ltd)
,7637411000001100,3137941000033110,Aripiprazole,Abilify 15mg tablets (Otsuka Pharmaceuticals (U.K.) Ltd)
,7637811000001100,3138041000033110,Aripiprazole,Abilify 30mg tablets (Otsuka Pharmaceuticals (U.K.) Ltd)
,7740511000001100,3141141000033110,Trifluoperazine,Stelazine Forte 1mg/ml oral solution (Mercury Pharma Group Ltd)
,776911000001109,1565341000033110,Olanzapine,Zyprexa 7.5mg tablets (Neon Healthcare Ltd)
,788511000001105,893741000033115,Thioridazine,Melleril 25mg/5ml syrup (Novartis Pharmaceuticals UK Ltd)
,7972911000001100,3158941000033110,Clozapine,Denzapine 25mg tablets (Britannia Pharmaceuticals Ltd)
,7974011000001100,3159041000033110,Clozapine,Denzapine 100mg tablets (Britannia Pharmaceuticals Ltd)
,827511000001102,286941000033115,Zuclopenthixol Dihydrochloride,Clopixol 10mg tablets (Lundbeck Ltd)
,8277211000001100,4940141000033110,Amisulpride,Amisulpride 25mg/5ml oral solution
,8277311000001100,5890941000033110,Amisulpride,Amisulpride 25mg/5ml oral suspension
,8359411000001100,1719341000033110,Chlorpromazine Hydrochloride,Chlorpromazine 100mg/5ml oral solution
,8359711000001100,3849441000033110,Chlorpromazine Hydrochloride,Chlorpromazine 50mg/5ml oral solution
,843011000001101,593441000033111,Flupentixol,Fluanxol 1mg tablets (Lundbeck Ltd)
,843011000001101,593441000033111,Flupentixol,Fluanxol 1mg tablets (Lundbeck Ltd)
,8527911000001100,5054641000033110,Haloperidol,Haloperidol 1mg/5ml oral solution
,8528011000001100,5890741000033110,Haloperidol,Haloperidol 1mg/5ml oral suspension
,8528311000001100,10493341000033100,Haloperidol,Haloperidol 500micrograms/5ml oral solution
,8528411000001100,10493441000033100,Haloperidol,Haloperidol 500micrograms/5ml oral suspension
,8582811000001100,5814341000033110,Levomepromazine Maleate,Levomepromazine 2.5mg/5ml oral suspension
,858911000001109,1176341000033110,Risperidone,Risperdal 2mg tablets (Janssen-Cilag Ltd)
,869511000001104,811041000033116,Chlorpromazine Hydrochloride,Largactil 50mg/2ml solution for injection ampoules (Sanofi)
,8838911000001100,3226341000033110,Clozapine,Zaponex 25mg tablets (Leyden Delta B.V.)
,883911000001106,896141000033110,Thioridazine,Melleril 50mg tablets (Novartis Pharmaceuticals UK Ltd)
,8839511000001100,3226441000033110,Clozapine,Zaponex 100mg tablets (Leyden Delta B.V.)
,884511000001101,895941000033118,Thioridazine,Melleril 100mg tablets (Novartis Pharmaceuticals UK Ltd)
,897111000001104,2078041000033110,"Olanzapine,Olanzapine",Zyprexa 10mg Velotabs (Neon Healthcare Ltd)
,899811000001103,1275941000033110,Haloperidol,Serenace 1.5mg tablets (Teva UK Ltd)
,9037911000001100,3225341000033110,Aripiprazole,Abilify 5mg tablets (Otsuka Pharmaceuticals (U.K.) Ltd)
,9044211000001100,3246141000033110,Risperidone,Risperdal Quicklet 500microgram orodispersible tablets (Janssen-Cilag Ltd)
,9045911000001100,3246041000033110,Risperidone,Risperidone 500microgram orodispersible tablets sugar free
,910611000001102,816041000033110,Chlorpromazine Hydrochloride,Largactil 50mg tablets (Sanofi)
,911311000001102,815741000033115,Chlorpromazine Hydrochloride,Largactil 10mg tablets (Sanofi)
,91711000001108,2077941000033110,"Olanzapine,Olanzapine",Zyprexa 5mg Velotabs (Neon Healthcare Ltd)
,917811000001104,965041000033112,Pericyazine,Neulactil Forte syrup (Sanofi)
,9483411000001100,69041000033115,Benperidol,Anquil 250microgram tablets (Neon Healthcare Ltd)
,9536311000001100,3063641000033110,Levomepromazine Maleate,Levomepromazine 6mg tablets
,9891011000001100,3866641000033110,"Olanzapine,Olanzapine",Zyprexa 20mg Velotabs (Neon Healthcare Ltd)
,119311000001100,925341000033116,"Sesame Oil,Fluphenazine Decanoate",Modecate 50mg/2ml solution for injection ampoules (Sanofi)
,153511000001100,924341000033117,Fluphenazine Decanoate,Modecate 50mg/2ml solution for injection pre-filled syringes (Sanofi-Synthelabo Ltd)
,17037611000001100,5575741000033110,Olanzapine Pamoate Monohydrate,Olanzapine embonate 210mg powder and solvent for suspension for injection vials
,17037811000001100,5565041000033110,Olanzapine Pamoate Monohydrate,Zypadhera 210mg powder and solvent for suspension for injection vials (Neon Healthcare Ltd)
,17038211000001100,5575841000033110,Olanzapine Pamoate Monohydrate,Olanzapine embonate 300mg powder and solvent for suspension for injection vials
,17038411000001100,5565141000033110,Olanzapine Pamoate Monohydrate,Zypadhera 300mg powder and solvent for suspension for injection vials (Neon Healthcare Ltd)
,17038711000001100,5575941000033110,Olanzapine Pamoate Monohydrate,Olanzapine embonate 405mg powder and solvent for suspension for injection vials
,17039011000001100,5565241000033110,Olanzapine Pamoate Monohydrate,Zypadhera 405mg powder and solvent for suspension for injection vials (Neon Healthcare Ltd)
,178611000001106,276041000033113,Zuclopenthixol Decanoate,Clopixol 200mg/1ml solution for injection ampoules (Lundbeck Ltd)
,19208911000001100,6359841000033110,Paliperidone,Xeplion 50mg/0.5ml prolonged-release suspension for injection pre-filled syringes (Janssen-Cilag Ltd)
,19210011000001100,6359941000033110,Paliperidone,Xeplion 75mg/0.75ml prolonged-release suspension for injection pre-filled syringes (Janssen-Cilag Ltd)
,19210611000001100,6360041000033110,Paliperidone,Xeplion 100mg/1ml prolonged-release suspension for injection pre-filled syringes (Janssen-Cilag Ltd)
,19210911000001100,6360141000033110,Paliperidone,Xeplion 150mg/1.5ml prolonged-release suspension for injection pre-filled syringes (Janssen-Cilag Ltd)
,19223511000001100,6359641000033110,Paliperidone,Paliperidone 100mg/1ml prolonged-release suspension for injection pre-filled syringes
,19223611000001100,6359741000033110,Paliperidone,Paliperidone 150mg/1.5ml prolonged-release suspension for injection pre-filled syringes
,19223711000001100,6359441000033110,Paliperidone,Paliperidone 50mg/0.5ml prolonged-release suspension for injection pre-filled syringes
,19223811000001100,6359541000033110,Paliperidone,Paliperidone 75mg/0.75ml prolonged-release suspension for injection pre-filled syringes
,23636811000001100,8960441000033110,Aripiprazole,Abilify Maintena 400mg powder and solvent for prolonged-release suspension for injection vials (Otsuka Pharmaceuticals (U.K.) Ltd)
,23661211000001100,8960241000033110,Aripiprazole,Aripiprazole 400mg powder and solvent for prolonged-release suspension for injection vials
,3100711000001100,420441000033119,Flupentixol Decanoate,Depixol Conc 50mg/0.5ml solution for injection ampoules (Lundbeck Ltd)
,3101311000001100,423041000033115,Flupentixol Decanoate,Depixol Conc 100mg/1ml solution for injection ampoules (Lundbeck Ltd)
,3102111000001100,420141000033110,Flupentixol Decanoate,Depixol 40mg/2ml solution for injection ampoules (Lundbeck Ltd)
,3102911000001100,422941000033113,Flupentixol Decanoate,Depixol 20mg/1ml solution for injection ampoules (Lundbeck Ltd)
,3104011000001100,419941000033113,Flupentixol Decanoate,Depixol Low Volume 200mg/1ml solution for injection ampoules (Lundbeck Ltd)
,31078011000001100,10946441000033100,Aripiprazole,Abilify Maintena 400mg powder and solvent for prolonged-release suspension for injection pre-filled syringes (Otsuka Pharmaceuticals (U.K.) Ltd)
,31087211000001100,10946341000033100,Aripiprazole,Aripiprazole 400mg powder and solvent for prolonged-release suspension for injection pre-filled syringes
,32866911000001100,11694741000033100,Paliperidone,Trevicta 175mg/0.875ml prolonged-release suspension for injection pre-filled syringes (Janssen-Cilag Ltd)
,32867811000001100,11694841000033100,Paliperidone,Trevicta 263mg/1.315ml prolonged-release suspension for injection pre-filled syringes (Janssen-Cilag Ltd)
,32868111000001100,11694941000033100,Paliperidone,Trevicta 350mg/1.75ml prolonged-release suspension for injection pre-filled syringes (Janssen-Cilag Ltd)
,32868411000001100,11695041000033100,Paliperidone,Trevicta 525mg/2.625ml prolonged-release suspension for injection pre-filled syringes (Janssen-Cilag Ltd)
,32878911000001100,11694341000033100,Paliperidone,Paliperidone 175mg/0.875ml prolonged-release suspension for injection pre-filled syringes
,32879011000001100,11694441000033100,Paliperidone,Paliperidone 263mg/1.315ml prolonged-release suspension for injection pre-filled syringes
,32879111000001100,11694541000033100,Paliperidone,Paliperidone 350mg/1.75ml prolonged-release suspension for injection pre-filled syringes
,32879211000001100,11694641000033100,Paliperidone,Paliperidone 525mg/2.625ml prolonged-release suspension for injection pre-filled syringes
,32911000001106,276141000033112,Zuclopenthixol Decanoate,Clopixol Conc 500mg/1ml solution for injection ampoules (Lundbeck Ltd)
,36016711000001100,3103841000033110,Pipotiazine Palmitate,Pipotiazine 100mg/2ml solution for injection ampoules
,36016911000001100,3104041000033110,Pipotiazine Palmitate,Pipotiazine 50mg/1ml solution for injection ampoules
,36053611000001100,659741000033119,Haloperidol Decanoate,Haloperidol decanoate 100mg/1ml solution for injection ampoules
,36053711000001100,659841000033112,Haloperidol Decanoate,Haloperidol decanoate 50mg/1ml solution for injection ampoules
,36058011000001100,3090541000033110,Flupentixol Decanoate,Flupentixol 50mg/0.5ml solution for injection ampoules
,36058111000001100,587741000033113,Fluphenazine Decanoate,Fluphenazine decanoate 100mg/1ml solution for injection ampoules
,36058211000001100,586641000033119,Fluphenazine Decanoate,Fluphenazine decanoate 12.5mg/0.5ml solution for injection ampoules
,36058311000001100,586741000033111,Fluphenazine Decanoate,Fluphenazine decanoate 250mg/10ml solution for injection vials
,36058411000001100,584641000033111,Fluphenazine Decanoate,Fluphenazine decanoate 25mg/1ml solution for injection ampoules
,36058511000001100,582041000033112,Fluphenazine Decanoate,Fluphenazine decanoate 25mg/1ml solution for injection pre-filled syringes
,36058611000001100,586941000033114,Fluphenazine Decanoate,Fluphenazine decanoate 50mg/0.5ml solution for injection ampoules
,36058711000001100,586841000033118,Fluphenazine Decanoate,Fluphenazine decanoate 50mg/2ml solution for injection ampoules
,36058811000001100,582141000033111,Fluphenazine Decanoate,Fluphenazine decanoate 50mg/2ml solution for injection pre-filled syringes
,36068611000001100,3090641000033110,Flupentixol Decanoate,Flupentixol 100mg/1ml solution for injection ampoules
,36068711000001100,3090741000033110,Flupentixol Decanoate,Flupentixol 200mg/1ml solution for injection ampoules
,36068811000001100,3090841000033110,Flupentixol Decanoate,Flupentixol 20mg/1ml solution for injection ampoules
,36068911000001100,3090941000033110,Flupentixol Decanoate,Flupentixol 40mg/2ml solution for injection ampoules
,36152111000001100,1563641000033110,Zuclopenthixol Decanoate,Zuclopenthixol decanoate 200mg/1ml solution for injection ampoules
,36152211000001100,1563741000033110,Zuclopenthixol Decanoate,Zuclopenthixol decanoate 500mg/1ml solution for injection ampoules
,3747311000001100,659541000033110,"Haloperidol,Sesame Oil",Haldol Decanoate 50mg/1ml solution for injection ampoules (Essential Pharma Ltd)
,3748011000001100,659441000033114,"Haloperidol,Sesame Oil",Haldol Decanoate 100mg/1ml solution for injection ampoules (Essential Pharma Ltd)
,3822011000001100,1086741000033110,"Pipotiazine Palmitate,Sesame Oil",Piportil Depot 50mg/1ml solution for injection ampoules (Sanofi)
,39132211000001100,13746641000033100,Fluphenazine Decanoate,Modecate 25mg/1ml solution for injection ampoules (Imported (Germany))
,39132411000001100,13746541000033100,Fluphenazine Decanoate,Modecate 25mg/1ml solution for injection ampoules (Imported (Denmark))
,39132811000001100,13746741000033100,Fluphenazine Decanoate,Modecate Concentrate 100mg/1ml solution for injection ampoules (Imported (Germany))
,40617211000001100,14024141000033100,Paliperidone,Byannli 1000mg/5ml prolonged-release suspension for injection pre-filled syringes (Janssen-Cilag Ltd)
,40617511000001100,14024241000033100,Paliperidone,Byannli 700mg/3.5ml prolonged-release suspension for injection pre-filled syringes (Janssen-Cilag Ltd)
,40617811000001100,14023941000033100,Paliperidone,Paliperidone 1g/5ml prolonged-release suspension for injection pre-filled syringes
,40617911000001100,14024041000033100,Paliperidone,Paliperidone 700mg/3.5ml prolonged-release suspension for injection pre-filled syringes
,40625611000001100,14025841000033100,Risperidone,Okedi 75mg powder and solvent for prolonged-release suspension for injection pre-filled syringes (ROVI Biotech Ltd)
,40625911000001100,14025941000033100,Risperidone,Okedi 100mg powder and solvent for prolonged-release suspension for injection pre-filled syringes (ROVI Biotech Ltd)
,40627211000001100,14025741000033100,Risperidone,Risperidone 100mg powder and solvent for prolonged-release suspension for injection pre-filled syringes
,40627311000001100,14025641000033100,Risperidone,Risperidone 75mg powder and solvent for prolonged-release suspension for injection pre-filled syringes
,4166711000001100,2779941000033110,Risperidone,Risperdal Consta 37.5mg powder and solvent for prolonged-release suspension for injection vials (Janssen-Cilag Ltd)
,4167011000001100,2780041000033110,Risperidone,Risperdal Consta 50mg powder and solvent for prolonged-release suspension for injection vials (Janssen-Cilag Ltd)
,4176911000001100,2780241000033110,Risperidone,Risperidone 37.5mg powder and solvent for prolonged-release suspension for injection vials
,4177011000001100,2780341000033110,Risperidone,Risperidone 50mg powder and solvent for prolonged-release suspension for injection vials
,42799711000001100,14416841000033100,Aripiprazole,Abilify Maintena 960mg/3.2ml prolonged-release suspension for injection pre-filled syringes (Otsuka Pharmaceuticals (U.K.) Ltd)
,42826411000001100,14416741000033100,Aripiprazole,Aripiprazole 960mg/3.2ml prolonged-release suspension for injection pre-filled syringes
,42878811000001100,14429541000033100,Aripiprazole,Abilify Maintena 720mg/2.4ml prolonged-release suspension for injection pre-filled syringes (Otsuka Pharmaceuticals (U.K.) Ltd)
,42880111000001100,14429441000033100,Aripiprazole,Aripiprazole 720mg/2.4ml prolonged-release suspension for injection pre-filled syringes
,4520711000001100,2779841000033110,Risperidone,Risperdal Consta 25mg powder and solvent for prolonged-release suspension for injection vials (Janssen-Cilag Ltd)
,4559111000001100,2780141000033110,Risperidone,Risperidone 25mg powder and solvent for prolonged-release suspension for injection vials
,556111000001108,934841000033111,"Fluphenazine Decanoate,Sesame Oil",Modecate 25mg/1ml solution for injection ampoules (Sanofi)
,565211000001101,925941000033117,"Sesame Oil,Fluphenazine Decanoate",Modecate Concentrate 100mg/1ml solution for injection ampoules (Sanofi)
,66211000001107,924241000033110,Fluphenazine Decanoate,Modecate 25mg/1ml solution for injection pre-filled syringes (Sanofi-Synthelabo Ltd)
,790311000001100,925841000033113,"Fluphenazine Decanoate,Sesame Oil",Modecate 12.5mg/0.5ml solution for injection ampoules (Sanofi)
,837811000001102,927841000033117,"Fluphenazine Decanoate,Sesame Oil",Modecate Concentrate 50mg/0.5ml solution for injection ampoules (Sanofi)
,8823211000001100,1087341000033110,"Sesame Oil,Pipotiazine Palmitate",Piportil Depot 100mg/2ml solution for injection ampoules (Sanofi)
,928411000001107,927741000033110,Fluphenazine Decanoate,Modecate 250mg/10ml solution for injection vials (Sanofi-Synthelabo Ltd)
,9490711000001100,8540041000033110,Flupentixol Decanoate,Psytixol 50mg/0.5ml solution for injection ampoules (Viatris UK Healthcare Ltd)
