Clinical Feature,SNOMED Concept ID,SNOMED concept Fully Specified Name
,,
Abdominal pain,162038003,Non-colicky abdominal pain (finding)
Abdominal pain,162042000,Abdominal wall pain (finding)
Abdominal pain,162046002,Central abdominal pain (finding)
Abdominal pain,162049009,Left flank pain (finding)
Abdominal pain,162050009,Right flank pain (finding)
Abdominal pain,162051008,Right iliac fossa pain (finding)
Abdominal pain,162052001,Left iliac fossa pain (finding)
Abdominal pain,162053006,Suprapubic pain (finding)
Abdominal pain,162147009,Complaining of pelvic pain (finding)
Abdominal pain,1983921000006100,Manchester triage - Abdominal pain in child (finding)
Abdominal pain,21522001,Abdominal pain (finding)
Abdominal pain,247361008,Evening colic (finding)
Abdominal pain,271857006,Loin pain (finding)
Abdominal pain,271858001,Recurrent acute abdominal pain (finding)
Abdominal pain,274671002,Pelvic and perineal pain (finding)
Abdominal pain,301715003,Left upper quadrant pain (finding)
Abdominal pain,301716002,Left lower quadrant pain (finding)
Abdominal pain,301717006,Right upper quadrant pain (finding)
Abdominal pain,301754002,Right lower quadrant pain (finding)
Abdominal pain,304542004,Nonspecific abdominal pain (finding)
Abdominal pain,308903002,On examination - epigastric pain on palpation (finding)
Abdominal pain,35363006,Infantile colic (finding)
Abdominal pain,43478001,Abdominal tenderness (finding)
Abdominal pain,45979003,Abdominal wind pain (finding)
Abdominal pain,51197009,Stomach cramps (finding)
Abdominal pain,54586004,Lower abdominal pain (finding)
Abdominal pain,79922009,Epigastric pain (finding)
Abdominal pain,83132003,Upper abdominal pain (finding)
Abdominal pain,853721000006104,Left loin pain (finding)
Abdominal pain,88522004,Umbilical pain (finding)
Abdominal pain,9209005,Acute abdomen (disorder)
Abdominal pain,958291000006108,Colicky abdominal pain present (finding)
Abdominal pain,9991008,Abdominal colic (finding)
Abdominal mass,163278007,On examination - abdominal mass palpated (finding)
Abdominal mass,163280001,On examination - abdominal mass less than 1 quadrant (finding)
Abdominal mass,163281002,On examination - abdominal mass fills 1 quadrant (finding)
Abdominal mass,163282009,On examination - abdominal mass fills half abdomen (finding)
Abdominal mass,163283004,On examination - abdominal mass fills abdomen (finding)
Abdominal mass,163285006,Right iliac fossa mass (finding)
Abdominal mass,163290009,On examination - abdominal mass consistency (finding)
Abdominal mass,163291008,On examination - abdominal mass - soft (finding)
Abdominal mass,163292001,On examination - abdominal mass - hard (finding)
Abdominal mass,163293006,On examination - abdominal mass-very hard (finding)
Abdominal mass,163294000,On examination - pulsatile mass of abdomen (finding)
Abdominal mass,163296003,On examination - abdominal mass shape (finding)
Abdominal mass,163297007,On examination - abdominal mass - regular shape (finding)
Abdominal mass,163298002,On examination - abdominal mass - irregular shape (finding)
Abdominal mass,163302005,On examination - abdominal mass movement with respiration (finding)
Abdominal mass,163303000,On examination - abdominal mass still with respiration (finding)
Abdominal mass,163305007,On examination - abdominal mass -border defined (finding)
Abdominal mass,163306008,On examination - abdominal mass - upper border defined (finding)
Abdominal mass,163307004,On examination - abdominal mass - lower border defined (finding)
Abdominal mass,163335000,On examination - tympany over abdominal mass (finding)
Abdominal mass,163336004,On examination - dullness over abdominal mass (finding)
Abdominal mass,163367002,On examination - pelvic mass palpated (finding)
Abdominal mass,163368007,On examination - pelvic mass palpable-left iliac fossa (finding)
Abdominal mass,163369004,On examination - pelvic mass palpable-right iliac fossa (finding)
Abdominal mass,163370003,On examination - central pelvic mass (finding)
Abdominal mass,1805241000006100,Right upper quadrant mass (finding)
Abdominal mass,1805251000006100,Left upper quadrant mass (finding)
Abdominal mass,1805271000006100,Right flank mass (finding)
Abdominal mass,1805291000006100,Left flank mass (finding)
Abdominal mass,271860004,Abdominal mass (finding)
Abdominal mass,307135001,Left iliac fossa mass (finding)
Abdominal mass,309082002,Epigastric mass (finding)
Abdominal mass,312355005,On examination - left lower abdominal mass (finding)
Abdominal mass,404200001,Central abdominal mass (finding)
Organomegaly,163254002,On examination - liver edge palpable (finding)
Organomegaly,163255001,On examination - liver moderately enlarged (disorder)
Organomegaly,163256000,On examination - liver grossly enlarged (disorder)
Organomegaly,163258004,On examination - liver character (finding)
Organomegaly,163259007,On examination - liver character normal (finding)
Organomegaly,163260002,On examination - liver soft (finding)
Organomegaly,163261003,On examination - liver firm (finding)
Organomegaly,163262005,On examination - liver very hard (finding)
Organomegaly,163263000,On examination - liver grossly irregular (finding)
Organomegaly,163264006,On examination - liver finely irregular (finding)
Organomegaly,163265007,On examination - liver smooth (finding)
Organomegaly,163266008,On examination - liver not painful (situation)
Organomegaly,163267004,On examination - liver tender (finding)
Organomegaly,163268009,On examination - liver pulsatile (finding)
Organomegaly,268943002,On examination - liver palpated (finding)
Organomegaly,275296001,On examination - hepatomegaly (disorder)
Organomegaly,407000,Congenital hepatomegaly (disorder)
Organomegaly,80515008,Large liver (disorder)
Organomegaly,16294009,Splenomegaly (disorder)
Organomegaly,164162005,On examination - splenomegaly (finding)
Organomegaly,164164006,On examination - spleen just palpable (finding)
Organomegaly,164165007,On examination - moderate splenomegaly (disorder)
Organomegaly,164166008,On examination - gross splenomegaly (disorder)
Organomegaly,164167004,On examination - painful splenomegaly (disorder)
Organomegaly,36760000,Hepatosplenomegaly (disorder)
Vomiting and Nausea,162057007,Nausea present (situation)
Vomiting and Nausea,167820005,Vomit examination (procedure)
Vomiting and Nausea,16932000,Nausea and vomiting (disorder)
Vomiting and Nausea,1777091000006100,Reason for referral: Vomiting/Nausea (finding)
Vomiting and Nausea,18773000,Cyclical vomiting syndrome (disorder)
Vomiting and Nausea,1959511000006100,24 hour vomitus output (finding)
Vomiting and Nausea,196746003,Persistent vomiting (disorder)
Vomiting and Nausea,249493007,Posseting (finding)
Vomiting and Nausea,249497008,Vomiting symptom (finding)
Vomiting and Nausea,267051003,Vomiting blood - fresh (disorder)
Vomiting and Nausea,269908006,Vomit: frank blood present (finding)
Vomiting and Nausea,271352005,Bilious vomit (finding)
Vomiting and Nausea,272044004,Complaining of vomiting (finding)
Vomiting and Nausea,275744000,Bilious vomit on examination (disorder)
Vomiting and Nausea,275786006,Blood in vomit on examination (finding)
Vomiting and Nausea,281102003,Blood in vomit - symptom (finding)
Vomiting and Nausea,300359004,Finding of vomiting (finding)
Vomiting and Nausea,300363006,Vomitus with coffee ground appearance (finding)
Vomiting and Nausea,40835002,Coffee ground vomiting (disorder)
Vomiting and Nausea,419219000,Drug-induced nausea and vomiting (disorder)
Vomiting and Nausea,422400008,Vomiting (disorder)
Vomiting and Nausea,422587007,Nausea (finding)
Vomiting and Nausea,71419002,Bilious vomiting (disorder)
Vomiting and Nausea,84480002,Retching (finding)
Vomiting and Nausea,8579004,Projectile vomiting (disorder)
Vomiting and Nausea,866121000000105,Frequency of vomiting (observable entity)
Vomiting and Nausea,8765009,Hematemesis (disorder)
Vomiting and Nausea,960221000006103,Nausea/vomiting (finding)
Abdominal distension,162068007,Abdominal distension symptom (finding)
Abdominal distension,248490000,Bloating symptom (finding)
Abdominal distension,271835004,"Abdominal distension, gaseous (finding)"
Abdominal distension,,
Testicular abnormalities,163376009,On examination - scrotal swelling-transillumination (finding)
Testicular abnormalities,163377000,On examination - scrotal swelling - no transillumination (disorder)
Testicular abnormalities,163378005,On examination - swelling of testicle (finding)
Testicular abnormalities,268946005,On examination - scrotal swelling (finding)
Testicular abnormalities,390918003,On examination - right scrotal swelling (finding)
Testicular abnormalities,390919006,On examination - left scrotal swelling (finding)
Testicular abnormalities,438457000,Swelling of testicle (finding)
Testicular abnormalities,773611000000105,Complaining of scrotal swelling (finding)
Testicular abnormalities,87860000,Mass of testicle (finding)
Female reproductive system symptoms,386692008,Menorrhagia (finding)
Female reproductive system symptoms,,
Female reproductive system symptoms,315224006,Heavy episode of vaginal bleeding (finding)
Female reproductive system symptoms,,
Female reproductive system symptoms,275570002,Complaining of per vaginam bleeding (finding)
Female reproductive system symptoms,,
Female reproductive system symptoms,301822002,Abnormal vaginal bleeding (finding)
Female reproductive system symptoms,,
Haematuria,167235001,Urine: red - blood (finding)
Haematuria,167298001,Urine: trace non-hemolyzed blood (finding)
Haematuria,167299009,Urine: trace hemolyzed blood (finding)
Haematuria,167300001,Urine blood test = + (finding)
Haematuria,167301002,Urine blood test = ++ (finding)
Haematuria,167302009,Urine blood test = +++ (finding)
Haematuria,1808141000006100,Urine blood test = moderate non-haemolysed blood (observable entity)
Haematuria,197938001,Painless hematuria (disorder)
Haematuria,197939009,Painful hematuria (disorder)
Haematuria,197940006,Microscopic hematuria (disorder)
Haematuria,197941005,Frank hematuria (disorder)
Haematuria,197942003,Clot hematuria (disorder)
Haematuria,281058009,Red blood cell- red blood cells in urine (finding)
Haematuria,281860005,Recurrent hematuria (disorder)
Haematuria,307821001,Urine blood test (procedure)
Haematuria,34436003,Blood in urine (finding)
Haematuria,962031000006109,Haematuria/abnormal colour (finding)
Wheeze,1834141000006100,Constant wheeze (finding)
Wheeze,276191000000107,Viral wheeze (disorder)
Wheeze,704114003,On examination - inspiratory wheeze (finding)
Wheeze,755581000000101,Mild wheeze (finding)
Wheeze,755591000000104,Moderate wheeze (finding)
Wheeze,755601000000105,Severe wheeze (finding)
Wheeze,755611000000107,Very severe wheeze (finding)
Cardio-respiratory pain,102588006,Chest wall pain (finding)
Cardio-respiratory pain,102589003,Atypical chest pain (finding)
Cardio-respiratory pain,161972006,Central chest pain (finding)
Cardio-respiratory pain,161973001,Anterior chest wall pain (finding)
Cardio-respiratory pain,161974007,Parasternal pain (finding)
Cardio-respiratory pain,161977000,Costal margin chest pain (finding)
Cardio-respiratory pain,2237002,Pleuritic pain (finding)
Cardio-respiratory pain,274668005,Non-cardiac chest pain (finding)
Cardio-respiratory pain,29857009,Chest pain (finding)
Cardio-respiratory pain,279084009,Chest discomfort (finding)
Cardio-respiratory pain,281245003,Musculoskeletal chest pain (finding)
Cardio-respiratory pain,4568003,Retrosternal pain (finding)
Cardio-respiratory pain,75483001,Breathing painful (finding)
Cardio-respiratory pain,81953000,Chest pain on exertion (finding)
Cough,11833005,Dry cough (finding)
Cough,161923004,Productive cough -clear sputum (finding)
Cough,161924005,Productive cough -green sputum (finding)
Cough,161925006,Productive cough-yellow sputum (finding)
Cough,161927003,Night cough present (situation)
Cough,161929000,Chesty cough (finding)
Cough,161932002,Morning cough (finding)
Cough,161933007,Evening cough (finding)
Cough,161947006,Nocturnal cough and wheeze (finding)
Cough,17986004,Barking cough (finding)
Cough,272039006,Complaining of cough (finding)
Cough,284523002,Persistent cough (finding)
Cough,28743005,Productive cough (finding)
Cough,315246003,Unexplained cough (finding)
Cough,49727002,Cough (finding)
Cough,68154008,Chronic cough (finding)
Cough,66857006,Hemoptysis (finding)
Cough,810511000000109,Episodic dry cough (finding)
Breathlessness,161939006,Breathless - moderate exertion (finding)
Breathlessness,161940008,Breathless - mild exertion (finding)
Breathlessness,161941007,Dyspnea at rest (finding)
Breathlessness,162890008,On examination - dyspnea (finding)
Breathlessness,162894004,On examination - expiratory wheeze (finding)
Breathlessness,1807841000006100,O/E - dyspnoea at rest (finding)
Breathlessness,1807851000006100,O/E - dyspnoea on exertion (finding)
Breathlessness,1861171000006100,Breathlessness causing difficulty eating (finding)
Breathlessness,1861181000006100,Breathlessness causing anxiety (finding)
Breathlessness,1984331000006100,Manchester triage - Shortness of breath in child (finding)
Breathlessness,230145002,Difficulty breathing (finding)
Breathlessness,23924001,Tight chest (finding)
Breathlessness,267036007,Dyspnea (finding)
Breathlessness,390870001,Short of breath dressing/undressing (finding)
Breathlessness,390871002,Breathless - strenuous exertion (finding)
Breathlessness,407588003,Unable to complete a sentence in one breath (finding)
Breathlessness,60845006,Dyspnea on exertion (finding)
Breathlessness,62744007,Orthopnea (finding)
Breathlessness,702581006,Difficulty eating due to breathlessness (finding)
Breathlessness,982351000006102,Dyspnoea (finding)
Papilloedema,163975003,On examination - optic disc margin blurred (finding)
Papilloedema,163976002,On examination - optic disc margin absent (finding)
Papilloedema,163978001,On examination - optic disc elevated (finding)
Papilloedema,423341008,Edema of optic disc (disorder)
Papilloedema,423488006,Papilledema - optic disc edema due to raised intracranial pressure (disorder)
Papilloedema,424497004,Optic disc edema due to hypotony (disorder)
Papilloedema,424669003,Optic disc edema associated with retinal disorder (disorder)
Headache,103006007,Unilateral headache (situation)
Headache,162297001,Headache site (finding)
Headache,162299003,Generalized headache (finding)
Headache,162301005,Bilateral headache (finding)
Headache,162304002,Parietal headache (finding)
Headache,162306000,Headache character (observable entity)
Headache,162307009,Aching headache (finding)
Headache,162308004,Throbbing headache (finding)
Headache,162309007,Shooting headache (finding)
Headache,162310002,Morning headache (finding)
Headache,162311003,Heavy head (finding)
Headache,193028008,Sick headache (disorder)
Headache,193031009,Cluster headache syndrome (disorder)
Headache,193039006,Complicated migraine (disorder)
Headache,1977851000006100,Unexplained recurrent headaches (finding)
Headache,230462002,Migraine with typical aura (disorder)
Headache,230467008,Status migrainosus (disorder)
Headache,230471006,Chronic tension-type headache (disorder)
Headache,25064002,Headache (finding)
Headache,267096005,Frontal headache (finding)
Headache,272027003,Complaining of a headache (finding)
Headache,330007,Occipital headache (finding)
Headache,364760007,Finding of headache character (finding)
Headache,37796009,Migraine (disorder)
Headache,398057008,Tension-type headache (disorder)
Headache,398126006,Muscular headache (disorder)
Headache,41413006,Temporal headache (finding)
Headache,429051000000106,[D]Pain in head NOS (situation)
Headache,431237007,Chronic headache disorder (disorder)
Headache,443094001,Paroxysmal hemicrania (disorder)
Headache,443095000,Hemicrania continua (disorder)
Headache,4473006,Migraine with aura (disorder)
Headache,449814007,Trigeminal autonomic cephalalgia (disorder)
Headache,49605003,Recurrent painful ophthalmoplegic neuropathy (disorder)
Headache,4969004,Sinus headache (finding)
Headache,56097005,Migraine without aura (disorder)
Headache,59292006,Hemiplegic migraine (disorder)
Headache,722981005,Infrequent episodic tension-type headache (disorder)
Headache,722982003,Frequent episodic tension-type headache (disorder)
Headache,725058003,Short-lasting unilateral neuralgiform headache attacks with conjunctival injection and tearing syndrome (disorder)
Headache,75879005,Abdominal migraine (disorder)
Headache,781381000000100,Migraine induced by oestrogen contraceptive (disorder)
Headache,83351003,Basilar migraine (disorder)
Headache,95654002,Chronic paroxysmal hemicrania (disorder)
Headache,95655001,Ophthalmic migraine (disorder)
Focal motor weakness,162236007,Weakness present (finding)
Focal motor weakness,163600007,On examination - paresis (weakness) (finding)
Focal motor weakness,1805711000006100,Weakness of upper arm (disorder)
Focal motor weakness,1807051000006100,Weakness of lower arm (disorder)
Focal motor weakness,20022000,Hemiparesis (disorder)
Focal motor weakness,249944006,Monoparesis - arm (disorder)
Focal motor weakness,249945007,Monoparesis of lower limb (disorder)
Focal motor weakness,26544005,Muscle weakness (finding)
Focal motor weakness,278286009,Right hemiparesis (disorder)
Focal motor weakness,278287000,Left hemiparesis (disorder)
Focal motor weakness,855781000006104,Hemiparesis (finding)
Focal motor weakness,856411000006108,Right hemiparesis (disorder)
Focal motor weakness,857171000006108,Left hemiparesis (finding)
Torticollis,202767003,Intermittent torticollis (disorder)
Torticollis,270476009,Wry neck/torticollis (disorder)
Torticollis,70070008,Torticollis (disorder)
Torticollis,74333002,Spasmodic torticollis (disorder)
Squint,111528000,Alternating esotropia with A pattern (disorder)
Squint,111529008,Monocular exotropia with V-pattern strabismus (disorder)
Squint,128602000,Heterotropia (disorder)
Squint,164011009,On examination - strabismus - squint (finding)
Squint,164012002,On examination - convergent squint (disorder)
Squint,164013007,On examination - divergent squint (disorder)
Squint,16596007,Esotropia (disorder)
Squint,170196006,Child examination: squint (procedure)
Squint,19373007,External ophthalmoplegia (disorder)
Squint,194078004,Monocular esotropia with X pattern (disorder)
Squint,194079007,Monocular esotropia with Y pattern (disorder)
Squint,194083007,Alternating esotropia with X pattern (disorder)
Squint,194084001,Alternating esotropia with Y pattern (disorder)
Squint,194090002,Monocular exotropia with X pattern (disorder)
Squint,194092005,Monocular exotropia with Y pattern (disorder)
Squint,194096008,Alternating exotropia with X pattern (disorder)
Squint,194097004,Alternating exotropia with Y pattern (disorder)
Squint,194101008,Intermittent monocular esotropia (disorder)
Squint,194102001,Intermittent alternating esotropia (disorder)
Squint,194103006,Intermittent monocular exotropia (disorder)
Squint,194104000,Intermittent alternating exotropia (disorder)
Squint,194108002,Constant vertical heterotropia (disorder)
Squint,194112008,Esotropia with accommodative compensation (disorder)
Squint,194118007,Partial oculomotor nerve palsy (disorder)
Squint,194119004,Total oculomotor nerve palsy (disorder)
Squint,20636006,Vertical heterophoria (disorder)
Squint,22066006,Strabismus (disorder)
Squint,24566000,Alternating esotropia with V pattern (disorder)
Squint,2473007,Intermittent vertical heterotropia (disorder)
Squint,267089008,Has a squint (disorder)
Squint,27590007,Intermittent esotropia (disorder)
Squint,28633004,Microstrabismus (disorder)
Squint,31254003,Alternating exotropia with A pattern (disorder)
Squint,313157004,Pseudostrabismus (disorder)
Squint,37214009,Alternating exotropia (disorder)
Squint,39837002,Alternating esotropia (disorder)
Squint,399054005,Exotropia (disorder)
Squint,400942002,Paralytic strabismus (disorder)
Squint,40608009,Hypertropia (disorder)
Squint,45062007,Monocular exotropia with A pattern (disorder)
Squint,5455000,Monocular esotropia (disorder)
Squint,5725006,Monocular exotropia (disorder)
Squint,575911000000100,Strabismus (squint) and other disorders of binocular eye movements (disorder)
Squint,57805002,Alternating exotropia with V pattern (disorder)
Squint,58409000,Monocular esotropia with A pattern (disorder)
Squint,63988001,Intermittent exotropia (disorder)
Squint,65215002,Monocular esotropia with V pattern (disorder)
Squint,74025007,Intermittent tropia (disorder)
Squint,811181000000104,Possible squint (situation)
Squint,856261000006105,Possible squint present (finding)
Squint,856391000006108,Squint present on examination (finding)
Squint,907781000006105,[RFC] Sudden onset squints/double vision (finding)
Squint,922671000006106,Childs exam. - squint (navigational concept)
Seizure,192981006,Atonic epileptic seizure (finding)
Seizure,192982004,Epileptic seizures - akinetic (finding)
Seizure,192991000,Clonic epileptic seizure (finding)
Seizure,192992007,Epileptic seizures - myoclonic (disorder)
Seizure,192993002,Tonic epileptic seizure (finding)
Seizure,199451000000106,Simple partial epileptic seizure (disorder)
Seizure,230434009,Seizures in response to acute event (disorder)
Seizure,230445007,Nocturnal epilepsy (disorder)
Seizure,246545002,Generalized onset epileptic seizure (finding)
Seizure,29753000,Focal onset epileptic seizure (finding)
Seizure,37356005,Myoclonic seizure (disorder)
Seizure,407675009,Focal onset impaired awareness epileptic seizure (finding)
Seizure,440443001,Reflex anoxic seizure (finding)
Seizure,445095002,Epileptic seizure witnessed by provider of history other than subject (finding)
Seizure,54200006,Tonic-clonic seizure (finding)
Seizure,79631006,Absence seizure (finding)
Seizure,91175000,Seizure (finding)
Abnormal visual acuity,163938008,On examination - visual acuity right eye =6/9 (finding)
Abnormal visual acuity,163939000,On examination - visual acuity right eye=6/12 (finding)
Abnormal visual acuity,163940003,On examination - visual acuity right eye=6/18 (finding)
Abnormal visual acuity,163941004,On examination - visual acuity right eye=6/24 (finding)
Abnormal visual acuity,163942006,On examination - visual acuity right eye=6/36 (finding)
Abnormal visual acuity,163943001,On examination - visual acuity right eye=6/60 (finding)
Abnormal visual acuity,163952005,On examination - visual acuity left eye =6/9 (finding)
Abnormal visual acuity,163953000,On examination - visual acuity left eye=6/12 (finding)
Abnormal visual acuity,163954006,On examination - visual acuity left eye=6/18 (finding)
Abnormal visual acuity,163955007,On examination - visual acuity left eye=6/24 (finding)
Abnormal visual acuity,163956008,On examination - visual acuity left eye=6/36 (finding)
Abnormal visual acuity,163957004,On examination - visual acuity left eye=6/60 (finding)
Abnormal visual acuity,163965001,On examination - near vision abnormal (finding)
Abnormal visual acuity,170728008,Poor visual acuity (finding)
Abnormal visual acuity,1757871000006100,O/E - visual acuity L-eye = 6/48 (finding)
Abnormal visual acuity,1757881000006100,O/E - visual acuity L-eye = 6/7.5 (finding)
Abnormal visual acuity,1757891000006100,O/E - visual acuity R-eye = 6/48 (finding)
Abnormal visual acuity,1757901000006100,O/E - visual acuity R-eye = 6/7.5 (finding)
Abnormal visual acuity,1780411000006100,O/E - visual acuity R-eye =6/20 (finding)
Abnormal visual acuity,1780421000006100,O/E - visual acuity R-eye =6/10 (finding)
Abnormal visual acuity,1780431000006100,O/E - visual acuity L-eye =6/20 (finding)
Abnormal visual acuity,1780441000006100,O/E - visual acuity L-eye =6/10 (finding)
Abnormal visual acuity,1800921000006100,O/E - visual acuity L-eye=6/7 (finding)
Abnormal visual acuity,1800931000006100,O/E - visual acuity R-eye=6/7 (finding)
Abnormal visual acuity,1953101000006100,Child exam - vision: problem identified (procedure)
Abnormal visual acuity,1953111000006100,Child exam - vision: problem suspected (procedure)
Abnormal visual acuity,202511000000100,On examination visual acuity left eye = 6/30 (finding)
Abnormal visual acuity,202531000000108,On examination visual acuity right eye = 6/30 (finding)
Abnormal visual acuity,225581002,Sight deteriorating (finding)
Abnormal visual acuity,240311000000103,Loss of vision (disorder)
Abnormal visual acuity,390804009,On examination - visual acuity right eye=3/60 (finding)
Abnormal visual acuity,390806006,On examination - visual acuity left eye=3/60 (finding)
Abnormal visual acuity,408295008,On examination - pinhole visual acuity left eye=6/9 (finding)
Abnormal visual acuity,408296009,On examination - pinhole visual acuity left eye=6/12 (finding)
Abnormal visual acuity,408297000,On examination - pinhole visual acuity left eye=6/18 (finding)
Abnormal visual acuity,408298005,On examination - pinhole visual acuity left eye =6/24 (finding)
Abnormal visual acuity,408299002,On examination - pinhole visual acuity left eye=6/36 (finding)
Abnormal visual acuity,408300005,On examination - pinhole visual acuity left eye=6/60 (finding)
Abnormal visual acuity,408303007,On examination - pinhole visual acuity right eye=6/9 (finding)
Abnormal visual acuity,408304001,On examination - pinhole visual acuity right eye=6/12 (finding)
Abnormal visual acuity,408305000,On examination - pinhole visual acuity right eye=6/18 (finding)
Abnormal visual acuity,408306004,On examination - pinhole visual acuity right eye=6/24 (finding)
Abnormal visual acuity,408307008,On examination - pinhole visual acuity right eye=6/36 (finding)
Abnormal visual acuity,408308003,On examination - pinhole visual acuity right eye=6/60 (finding)
Abnormal visual acuity,416793003,On examination - visual acuity right eye =6/15 (finding)
Abnormal visual acuity,416965009,On examination - visual acuity left eye =6/15 (finding)
Abnormal visual acuity,704109002,On examination - visual acuity left eye = 6/7.5 (finding)
Abnormal visual acuity,704110007,On examination - visual acuity left eye = 6/48 (finding)
Abnormal visual acuity,704111006,On examination - visual acuity right eye = 6/48 (finding)
Abnormal visual acuity,704112004,On examination - visual acuity right eye = 6/7.5 (finding)
Abnormal visual acuity,809751000000108,On examination visual acuity left eye = 6/20 (finding)
Abnormal visual acuity,810251000000105,On examination visual acuity right eye = 6/20 (finding)
Abnormal visual acuity,810331000000109,On examination visual acuity right eye = 6/10 (finding)
Abnormal visual acuity,810371000000106,On examination visual acuity left eye = 6/10 (finding)
Abnormal visual acuity,822201000000104,On examination visual acuity left eye = 6/7 (finding)
Abnormal visual acuity,822261000000100,On examination visual acuity right eye = 6/7 (finding)
Abnormal visual acuity,915041000006108,Visual impairment: unable to recognise people across street (disorder)
Abnormal visual acuity,915051000006105,Visual impairment: difficulty with close up work (disorder)
Abnormal visual acuity,915061000006107,Patient reports difficulty with peripheral vision (disorder)
Abnormal visual acuity,915071000006100,Visual impairment: difficulty using stairs (disorder)
Abnormal visual acuity,915081000006102,Visual impairment: avoids driving (disorder)
Abnormal visual acuity,915091000006104,Visual impairment: difficulty reading newspaper print (disorder)
Abnormal visual acuity,915221000006105,Patient concerned about eyesight (disorder)
Abnormal visual acuity,982201000006109,O/E - visual acuity R-eye=6/15 (finding)
Abnormal visual acuity,982211000006107,O/E - visual acuity L-eye=6/15 (finding)
Cranial nerve abnormalities,164091005,On examination - cranial nerve 3 - palsy (disorder)
Cranial nerve abnormalities,164092003,On examination - cranial nerve 3-paralysis (finding)
Cranial nerve abnormalities,164094002,On examination - cranial nerve 4 - palsy (disorder)
Cranial nerve abnormalities,164095001,On examination - cranial nerve 4-paralysis (finding)
Cranial nerve abnormalities,164097009,On examination - cranial nerve 6 - palsy (disorder)
Cranial nerve abnormalities,164098004,On examination - cranial nerve 6-paralysis (finding)
Cranial nerve abnormalities,164103002,On examination - cranial nerve 5 - palsy (disorder)
Cranial nerve abnormalities,164104008,On examination - cranial nerve 5-paralysis (finding)
Cranial nerve abnormalities,164106005,On examination - cranial nerve 7-palsy-lower motor neuron (finding)
Cranial nerve abnormalities,164107001,On examination - cranial 7 -paralysis-lower motor neuron (finding)
Cranial nerve abnormalities,164109003,On examination - cranial nerve -palsy -upper motor neuron (disorder)
Cranial nerve abnormalities,164110008,On examination - cranial 7 -paralysis-upper motor neuron (disorder)
Cranial nerve abnormalities,164115003,On examination - cranials 9 + 10 palsy (finding)
Cranial nerve abnormalities,164116002,On examination - cranials 9+10 paralysis (finding)
Cranial nerve abnormalities,164118001,On examination - cranial nerve 11 - palsy (finding)
Cranial nerve abnormalities,164119009,On examination - cranial nerve 11 paralysis (finding)
Cranial nerve abnormalities,164121004,On examination - cranial nerve 12 - palsy (finding)
Cranial nerve abnormalities,164122006,On examination - cranial nerve 12 paralysis (disorder)
Cranial nerve abnormalities,1872111000006100,O/E cranial nerves abnormal (procedure)
Cranial nerve abnormalities,193102008,Multiple cranial nerve palsies in neoplastic disease (disorder)
Cranial nerve abnormalities,302884001,Multiple cranial nerve lesions and linked syndromes (disorder)
Cranial nerve abnormalities,60750009,Third cranial nerve disease (disorder)
Cranial nerve abnormalities,73013002,Cranial nerve disorder (disorder)
Cranial nerve abnormalities,78152008,Multiple cranial nerve palsy (disorder)
Precocious Puberty,103021001,Premature adrenarche (finding)
Precocious Puberty,237815000,Precocious pubarche (disorder)
Precocious Puberty,277872000,Precocious puberty with adrenal hyperplasia (disorder)
Precocious Puberty,400179000,Precocious puberty (disorder)
Abnormal gait,109611000000108,On examination - abnormal body sway (finding)
Abnormal gait,163685000,On examination - gait spastic (finding)
Abnormal gait,163686004,On examination - gait ataxic (finding)
Abnormal gait,163688003,On examination - waddling gait (finding)
Abnormal gait,163689006,On examination - steppage gait (finding)
Abnormal gait,163690002,On examination - hysterical gait (finding)
Abnormal gait,163691003,On examination - limping gait (finding)
Abnormal gait,163768005,On examination - arms ataxic (finding)
Abnormal gait,163769002,On examination - legs ataxic (finding)
Abnormal gait,163770001,On examination - Romberg test positive (finding)
Abnormal gait,163772009,On examination - past pointing present (situation)
Abnormal gait,163773004,On examination - dysdiadochokinesia present (situation)
Abnormal gait,163774005,On examination - generally unsteady (finding)
Abnormal gait,163775006,On examination - clumsy (finding)
Abnormal gait,1818771000006100,O/E gait abnormal (finding)
Abnormal gait,1916131000006100,CHSP-PS recall: gait abnormal (regime/therapy)
Abnormal gait,1916141000006100,CHSP-PS recall: gait uncertain (regime/therapy)
Abnormal gait,1919151000006100,CHSP-PS unsched. contact: gait abnormal (regime/therapy)
Abnormal gait,1919161000006100,CHSP-PS unsched. contact: gait uncertain (regime/therapy)
Abnormal gait,202567001,Walking difficulty due to pelvic region and thigh (finding)
Abnormal gait,202569003,Walking difficulty due to lower leg (finding)
Abnormal gait,202570002,Walking difficulty due to ankle and foot (finding)
Abnormal gait,202572005,Walking difficulty due to multiple sites (finding)
Abnormal gait,20262006,Ataxia (finding)
Abnormal gait,22325002,Abnormal gait (finding)
Abnormal gait,228158008,Walking disability (finding)
Abnormal gait,249983008,Feels as though will fall (finding)
Abnormal gait,250018006,Toe-walking gait (finding)
Abnormal gait,25136009,Ataxic gait (finding)
Abnormal gait,267083009,Incoordination symptom (finding)
Abnormal gait,268964003,On examination - festination-Parkinson gait (finding)
Abnormal gait,268968000,On examination - coordination (finding)
Abnormal gait,275858008,On examination - ataxia (finding)
Abnormal gait,275864001,On examination - intoeing (finding)
Abnormal gait,281016006,Incoordination (finding)
Abnormal gait,282195009,Difficulty walking up stairs (finding)
Abnormal gait,282299006,Unable to balance (finding)
Abnormal gait,299031000000106,Disorder of gait and/or balance present (situation)
Abnormal gait,299061000000101,Disorder of gait and/or balance not present (situation)
Abnormal gait,390789009,Head lag (finding)
Abnormal gait,39384006,Muscular incoordination (finding)
Abnormal gait,496121000000100,[D]Gait abnormality (situation)
Abnormal gait,67141003,Antalgic gait (finding)
Abnormal gait,719232003,Difficulty walking (finding)
Abnormal gait,781091000000100,Worsening balance (finding)
Abnormal gait,78691002,Staggering gait (finding)
Abnormal gait,855481000006107,Child gait delayed (procedure)
Abnormal gait,855501000006102,Child gait abnormal (procedure)
Abnormal gait,89419008,Loss of equilibrium (finding)
Abnormal gait,9447003,Spastic gait (finding)
Abnormal gait,948391000000106,On examination - antalgic gait (finding)
Abnormal gait,960101000006103,Gait/ambulation disturbance (finding)
Fever,135882008,Feverish cold (finding)
Fever,161855003,Complaining of shivering (finding)
Fever,163633002,On examination - skin temperature abnormal (finding)
Fever,164285001,On examination - fever - general (finding)
Fever,164288004,On examination - pyrexia of unknown origin (finding)
Fever,164303007,On examination - temperature elevated (finding)
Fever,164304001,On examination - hyperpyrexia - greater than 40.5 degrees Celsius (finding)
Fever,164307008,On examination - fever - acute rise (finding)
Fever,164308003,On examination - fever - gradual rise (finding)
Fever,164309006,On examination - fever - continuous (finding)
Fever,164311002,On examination - fever - remittent (finding)
Fever,164312009,On examination - fever - intermittent (finding)
Fever,164313004,On examination - staircase fever (finding)
Fever,164314005,On examination - fever - irregular (finding)
Fever,164315006,On examination - fever - fast fall-crisis (finding)
Fever,164316007,On examination - fever-gradual fall-lysis (finding)
Fever,186694006,Sweating fever (finding)
Fever,248427009,Fever symptoms (finding)
Fever,248457000,Rigor - symptom (finding)
Fever,268984004,Examination of fever (procedure)
Fever,271897009,On examination - fever (finding)
Fever,274640006,Fever with chills (finding)
Fever,309646008,On examination - temperature (finding)
Fever,373904004,Feels hot/feverish (finding)
Fever,386661006,Fever (finding)
Fever,409702008,Hyperpyrexia (finding)
Fever,495741000000101,[D]Persistent fever (situation)
Fever,7520000,Pyrexia of unknown origin (finding)
Fever,851081000006103,[D]Pyrexia (situation)
Fever,981661000006101,Fever (finding)
Fever,982701000006100,Pyrexia (finding)
Weight loss,161832001,Weight decreasing (finding)
Weight loss,198511000000103,Complaining of weight loss (finding)
Weight loss,267024001,Abnormal weight loss (finding)
Weight loss,448765001,Unintentional weight loss (finding)
Weight loss,960561000006106,Unexplained/progressive weight loss (finding)
Lethargy/tiredness,214264003,Lethargy (finding)
Lethargy/tiredness,248274002,Lack of energy (finding)
Lethargy/tiredness,267031002,Tiredness symptom (finding)
Lethargy/tiredness,267032009,Tired all the time (finding)
Lethargy/tiredness,271795006,Malaise and fatigue (finding)
Lethargy/tiredness,272060000,Fatigue - symptom (finding)
Lethargy/tiredness,272062008,Complaining of tired all the time (finding)
Lethargy/tiredness,367391008,Malaise (finding)
Lethargy/tiredness,60119000,Exhaustion (finding)
Lethargy/tiredness,84229001,Fatigue (finding)
Night Sweats,161857006,Sweating symptom (finding)
Night Sweats,42984000,Night sweats (finding)
Night Sweats,52613005,Excessive sweating (finding)
Lymphadenopathy,127086001,Cervical lymphadenopathy (disorder)
Lymphadenopathy,164148003,On examination - sub-mental lymphadenopathy (disorder)
Lymphadenopathy,164149006,On examination - supraclavicular lymphadenopathy (disorder)
Lymphadenopathy,164150006,On examination - axillary lymphadenopathy (disorder)
Lymphadenopathy,164151005,On examination - inguinal lymphadenopathy (disorder)
Lymphadenopathy,164152003,On examination - popliteal lymphadenopathy (disorder)
Lymphadenopathy,164155001,On examination - lymph nodes firm (finding)
Lymphadenopathy,164156000,On examination - lymph nodes hard (finding)
Lymphadenopathy,164157009,On examination - lymph nodes tethered (finding)
Lymphadenopathy,164158004,On examination - lymph nodes discrete (finding)
Lymphadenopathy,164159007,On examination - lymph nodes fluctuant (finding)
Lymphadenopathy,164160002,On examination - lymph nodes tender (finding)
Lymphadenopathy,19471005,Lymphadenitis (disorder)
Lymphadenopathy,274303007,On examination - lymph nodes (finding)
Lymphadenopathy,274740001,Enlarged submandibular lymph gland (disorder)
Lymphadenopathy,274741002,Generalized enlarged lymph nodes (disorder)
Lymphadenopathy,274744005,Localized enlarged lymph nodes (disorder)
Lymphadenopathy,30746006,Lymphadenopathy (disorder)
Lymphadenopathy,394677008,On examination - post-auricular lymphadenopathy (disorder)
Lymphadenopathy,445718006,Reactive lymphadenopathy (disorder)
Lymphadenopathy,62683002,Mediastinal lymph node structure (body structure)
Bruising,10050004,Contusion of chest (disorder)
Bruising,105618004,Contusion with intact skin (disorder)
Bruising,110244000,Contusion of forehead (disorder)
Bruising,111721009,Contusion of multiple sites (disorder)
Bruising,111723007,Contusion of multiple sites of lower limb (disorder)
Bruising,11437003,Contusion of back (disorder)
Bruising,125668004,Contusion of face (disorder)
Bruising,161885008,Bruising symptom (finding)
Bruising,161887000,Spontaneous bruising (disorder)
Bruising,164331003,On examination - petechiae present (finding)
Bruising,164624008,On examination - bruising (disorder)
Bruising,17048005,Contusion of toenail (disorder)
Bruising,1954501000006100,Bruise/ contusion/ abrasion (secondary group) (administrative concept)
Bruising,211476000,"Contusion, throat (disorder)"
Bruising,211486004,Contusion of anterior abdominal wall (disorder)
Bruising,211492005,Contusion of coccyx (disorder)
Bruising,211500005,"Contusion, shoulder or upper arm (disorder)"
Bruising,211501009,Contusion of clavicular area (disorder)
Bruising,211502002,"Contusion, shoulder and upper arm, multiple sites (disorder)"
Bruising,211504001,"Contusion, elbow or forearm (disorder)"
Bruising,211506004,Contusion wrist or hand (disorder)
Bruising,211507008,"Contusion, hand, excluding finger (disorder)"
Bruising,211508003,"Contusion hand, palm (disorder)"
Bruising,211509006,"Contusion hand, dorsum (disorder)"
Bruising,211510001,"Contusion wrist, volar (disorder)"
Bruising,211511002,"Contusion wrist, dorsum (disorder)"
Bruising,211514005,"Contusion, fingernail (includes subungual hematoma) (disorder)"
Bruising,211515006,Contusion of multiple fingers (disorder)
Bruising,211519000,"Contusion, hip and thigh (disorder)"
Bruising,211521005,"Contusion, knee and lower leg (disorder)"
Bruising,211523008,"Contusion, ankle and foot, excluding toe(s) (disorder)"
Bruising,21643007,Contusion of groin (disorder)
Bruising,22562004,Contusion of scalp (disorder)
Bruising,22878006,Contusion of knee (disorder)
Bruising,231814009,Contusion of eyelid (disorder)
Bruising,262528003,Bruise of head (disorder)
Bruising,262637006,Contusion of gingivae (disorder)
Bruising,269214009,"Contusion of face, scalp and neck, excluding eye(s) (disorder)"
Bruising,270911002,Superficial bruising (disorder)
Bruising,271813007,Petechiae (disorder)
Bruising,283135004,Superficial bruising of head and neck (disorder)
Bruising,283137007,Contusion of pelvic region (disorder)
Bruising,284062002,Contusion of lower back (disorder)
Bruising,313262006,Contusion of sacral region (disorder)
Bruising,3649004,Contusion of multiple sites of trunk (disorder)
Bruising,367423000,Contusion of eye (disorder)
Bruising,36787001,Contusion of trunk (disorder)
Bruising,37907001,Contusion of abdominal wall (disorder)
Bruising,385494008,Hematoma (disorder)
Bruising,39812007,Contusion of forearm (disorder)
Bruising,40257000,Contusion of shoulder region (disorder)
Bruising,416179002,Contusion of eye AND ocular adnexa (disorder)
Bruising,417654008,Contusion of ocular adnexa and periocular tissues (disorder)
Bruising,424131007,Easy bruising (finding)
Bruising,42697001,Contusion of orbital tissues (disorder)
Bruising,44801007,Contusion of hip (disorder)
Bruising,45613006,Contusion of lower leg (disorder)
Bruising,48123002,Contusion of wrist (disorder)
Bruising,4821001,Contusion of cheek (disorder)
Bruising,50228009,Contusion of ear (disorder)
Bruising,52945003,Contusion of mandibular joint area (disorder)
Bruising,53759006,Contusion of axillary region (disorder)
Bruising,544681000000101,"Contusion, eye NOS (disorder)"
Bruising,54499003,Contusion of interscapular region (disorder)
Bruising,55042009,Contusion of ankle (disorder)
Bruising,58075000,Contusion of toe (disorder)
Bruising,58221004,Contusion of multiple sites of upper limb (disorder)
Bruising,60211009,Contusion of flank (disorder)
Bruising,60897004,Contusion of nose (disorder)
Bruising,609791000000105,"Contusion, upper limb NOS (disorder)"
Bruising,64458007,Contusion of lip (disorder)
Bruising,649491000000106,Black eye NOS (disorder)
Bruising,649551000000104,"Contusion,trunk NOS (disorder)"
Bruising,656761000000104,Other contusion neck (disorder)
Bruising,656771000000106,"Contusion of face, scalp and neck NOS (disorder)"
Bruising,669321000000105,"Contusion, lower limb and other unspecified sites (disorder)"
Bruising,669331000000107,"Contusion, lower limb NOS (disorder)"
Bruising,669341000000103,"Contusion, site NOS (disorder)"
Bruising,68142008,Contusion of upper limb (disorder)
Bruising,68893001,Contusion of buttock (disorder)
Bruising,69787006,Contusion of finger (disorder)
Bruising,74814004,Contusion of foot (disorder)
Bruising,76437000,Contusion of thumb (disorder)
Bruising,80907003,Contusion of scapular region (disorder)
Bruising,84416003,Contusion of thigh (disorder)
Bruising,8513005,Contusion of neck (disorder)
Bruising,85636003,Contusion of upper arm (disorder)
Bruising,90244007,Contusion of heel (disorder)
Bruising,91603007,Contusion of lower limb (disorder)
Bruising,91613004,Contusion of elbow (disorder)
Bruising,959941000006103,Bruising (finding)
Bruising,982381000006105,Purpura (finding)
Bruising,162738007,On examination - color pale (finding)
Bruising,164139008,On examination - anemia (finding)
Bruising,164141009,On examination - equivocally anemic (disorder)
Bruising,164142002,On examination - clinically anemic (disorder)
Bruising,164143007,On examination - profoundly anemic (disorder)
Bruising,267029006,Pale - symptom (finding)
Bruising,371262000,Pale color saturation (qualifier value)
Bruising,961701000006107,Pallor/perspiration (finding)
Bruising,162410003,Complaining of a swelling (finding)
Bruising,162831005,On examination - parotid swelling (finding)
Bruising,162832003,On examination - submandibular swelling (finding)
Bruising,164620004,On examination - a lump (finding)
Bruising,164621000,On examination - a swelling (finding)
Bruising,248480008,Leg swelling symptom (finding)
Bruising,248521008,Lump on finger (finding)
Bruising,274745006,"Localized swelling, mass and lump, lower limb (finding)"
Bruising,274746007,"Localized swelling, mass and lump, multiple sites (finding)"
Bruising,274747003,"Localized swelling, mass and lump, neck (finding)"
Bruising,274750000,"Localized swelling, mass and lump, upper limb (finding)"
Bruising,275319005,Swollen legs (finding)
Bruising,278528006,Facial swelling (finding)
Bruising,281792000,Swollen calf (finding)
Bruising,299703001,Mass of neck (finding)
Bruising,300863000,Mass of axilla (finding)
Bruising,309576006,Lump on thigh (finding)
Bruising,315284009,Mass of parotid gland (finding)
Bruising,390761000000104,"[D]Swelling, mass or lump of chest NOS (situation)"
Bruising,432525007,Mass of head (finding)
Bruising,438581000000100,"[D]Swelling, mass or lump in head or neck NOS (situation)"
Bruising,440299000,Mass of thoracic structure (finding)
Bruising,441708007,Swelling of lower jaw region (finding)
Bruising,441975003,Mass of tongue (finding)
Bruising,441998006,Subungual swelling (finding)
Bruising,496471000000109,"[D]Local superficial swelling, mass or lump (situation)"
Bruising,496481000000106,"[D]Swelling, local and superficial (situation)"
Bruising,496491000000108,"[D]Mass, localised and superficial (situation)"
Bruising,496501000000102,"[D]Lump, localised and superficial (situation)"
Bruising,496561000000103,[D]Lump on back (situation)
Bruising,496571000000105,[D]Foot lump (situation)
Bruising,496581000000107,[D]Shoulder lump (situation)
Bruising,496591000000109,[D]Lump on hand (situation)
Bruising,496601000000103,[D]Lump on knee (situation)
Bruising,496611000000101,[D]Lump on leg (situation)
Bruising,496621000000107,[D]Lump on shin (situation)
Bruising,496651000000102,[D]Wrist lump (situation)
Bruising,496661000000104,[D]Toe lump (situation)
Bruising,497131000000101,"[D]Swelling, mass or lump in head and neck (situation)"
Bruising,497141000000105,[D]Swelling in head or neck (situation)
Bruising,497151000000108,[D]Mass in head or neck (situation)
Bruising,497161000000106,[D]Lump in head or neck (situation)
Bruising,497211000000101,[D]Lump on head (situation)
Bruising,497221000000107,[D]Lump on nose (situation)
Bruising,497231000000109,[D]Submental lump (situation)
Bruising,497241000000100,[D]Swelling of ear (situation)
Bruising,498261000000100,"[D]Swelling, mass and lump of chest (situation)"
Bruising,498281000000109,[D]Chest lump (situation)
Bruising,80068009,Swelling of limb (finding)
Bruising,853681000006106,Lump in axilla (situation)
Bruising,163691003,On examination - limping gait (finding)
Bruising,1984211000006100,Manchester triage - Limping child (finding)
Bruising,202567001,Walking difficulty due to pelvic region and thigh (finding)
Bruising,202569003,Walking difficulty due to lower leg (finding)
Bruising,202570002,Walking difficulty due to ankle and foot (finding)
Bruising,67141003,Antalgic gait (finding)
Limb pain,102482005,Growing pains (finding)
Limb pain,102556003,Pain in upper limb (finding)
Limb pain,10601006,Pain in lower limb (finding)
Limb pain,1088071000000100,Pain in upper arm (finding)
Limb pain,275318002,Aching leg syndrome (finding)
Limb pain,287047008,Pain in left lower limb (finding)
Limb pain,287048003,Pain in right lower limb (finding)
Limb pain,288241003,Pain in limb - multiple (finding)
Limb pain,300954003,Pain in calf (finding)
Limb pain,444899003,Pain in forearm (finding)
Limb pain,47933007,Foot pain (finding)
Limb pain,53057004,Hand pain (finding)
Limb pain,78514002,Thigh pain (finding)
Limb pain,853861000006100,Painful left arm (finding)
Limb pain,90834002,Pain in limb (finding)
Joint pain,202478007,Sternoclavicular joint pain (finding)
Joint pain,202479004,Acromioclavicular joint pain (finding)
Joint pain,202480001,Elbow joint pain (finding)
Joint pain,202481002,Distal radioulnar joint pain (finding)
Joint pain,202482009,Wrist joint pain (finding)
Joint pain,202483004,Metacarpophalangeal joint pain (finding)
Joint pain,202484005,Proximal interphalangeal joint of finger pain (finding)
Joint pain,202485006,Distal interphalangeal joint of finger pain (finding)
Joint pain,202487003,Sacroiliac joint pain (finding)
Joint pain,202489000,Tibiofibular joint pain (finding)
Joint pain,202490009,Ankle joint pain (finding)
Joint pain,202491008,Subtalar joint pain (finding)
Joint pain,202493006,Talonavicular joint pain (finding)
Joint pain,202495004,First metatarsophalangeal joint pain (finding)
Joint pain,202496003,Lesser metatarsophalangeal joint pain (finding)
Joint pain,202497007,Interphalangeal joint of toe pain (finding)
Joint pain,239733006,Anterior knee pain (finding)
Joint pain,267949000,Shoulder joint pain (finding)
Joint pain,267950000,Arthralgia of the upper arm (finding)
Joint pain,267952008,Arthralgia of the pelvic region and thigh (finding)
Joint pain,267953003,Arthralgia of the lower leg (finding)
Joint pain,267954009,Arthralgia of the ankle and/or foot (finding)
Joint pain,298857005,Shoulder joint painful on movement (finding)
Joint pain,301813003,Irritable hip (disorder)
Joint pain,30989003,Knee pain (finding)
Joint pain,35678005,Multiple joint pain (finding)
Joint pain,49218002,Hip pain (finding)
Joint pain,56608008,Pain in wrist (finding)
Joint pain,57676002,Joint pain (finding)
Joint pain,629831000000105,Arthralgia of other specified site (finding)
Joint pain,687011000000105,Arthralgia NOS (finding)
Joint pain,853951000006106,Painful elbow (finding)
Joint pain,921261000000101,Shoulder joint painful on external rotation (finding)
