Cancer Type,,SNOMED concept Fully Specified Name
,,
,SNOMED ConceptID,
"Leukemias, myeloproliferative disease and myelodysplastic diseases",110005000,"Acute myelomonocytic leukemia, FAB M4 (disorder)"
"Leukemias, myeloproliferative disease and myelodysplastic diseases",110006004,Prolymphocytic leukemia (disorder)
"Leukemias, myeloproliferative disease and myelodysplastic diseases",110007008,Adult T-cell leukemia/lymphoma (disorder)
"Leukemias, myeloproliferative disease and myelodysplastic diseases",127225006,Chronic myelomonocytic leukemia (disorder)
"Leukemias, myeloproliferative disease and myelodysplastic diseases",128623006,Myelodysplastic neoplasm (morphologic abnormality)
"Leukemias, myeloproliferative disease and myelodysplastic diseases",128831004,Chronic myelomonocytic leukemia (morphologic abnormality)
"Leukemias, myeloproliferative disease and myelodysplastic diseases",128832006,Juvenile myelomonocytic leukemia (morphologic abnormality)
"Leukemias, myeloproliferative disease and myelodysplastic diseases",128931003,Leukemia - category (morphologic abnormality)
"Leukemias, myeloproliferative disease and myelodysplastic diseases",128934006,Myeloid leukemia - category (morphologic abnormality)
"Leukemias, myeloproliferative disease and myelodysplastic diseases",17788007,"Acute myeloid leukemia, no International Classification of Diseases for Oncology subtype (morphologic abnormality)"
"Leukemias, myeloproliferative disease and myelodysplastic diseases",188725004,Lymphoid leukemia (disorder)
"Leukemias, myeloproliferative disease and myelodysplastic diseases",188726003,Subacute lymphoid leukemia (disorder)
"Leukemias, myeloproliferative disease and myelodysplastic diseases",188728002,Aleukemic lymphoid leukemia (disorder)
"Leukemias, myeloproliferative disease and myelodysplastic diseases",188729005,Adult T-cell leukemia (disorder)
"Leukemias, myeloproliferative disease and myelodysplastic diseases",188732008,Myeloid leukemia (disorder)
"Leukemias, myeloproliferative disease and myelodysplastic diseases",188733003,Chronic eosinophilic leukemia (disorder)
"Leukemias, myeloproliferative disease and myelodysplastic diseases",188734009,Chronic neutrophilic leukemia (disorder)
"Leukemias, myeloproliferative disease and myelodysplastic diseases",188736006,Subacute myeloid leukemia (disorder)
"Leukemias, myeloproliferative disease and myelodysplastic diseases",188737002,Chloroma (disorder)
"Leukemias, myeloproliferative disease and myelodysplastic diseases",188738007,Granulocytic sarcoma (disorder)
"Leukemias, myeloproliferative disease and myelodysplastic diseases",188741003,Aleukemic myeloid leukemia (disorder)
"Leukemias, myeloproliferative disease and myelodysplastic diseases",188768003,Myelomonocytic leukemia (disorder)
"Leukemias, myeloproliferative disease and myelodysplastic diseases",188770007,Subacute myelomonocytic leukemia (disorder)
"Leukemias, myeloproliferative disease and myelodysplastic diseases",255102004,Angioendotheliomatosis (disorder)
"Leukemias, myeloproliferative disease and myelodysplastic diseases",277473004,B-cell chronic lymphocytic leukemia (disorder)
"Leukemias, myeloproliferative disease and myelodysplastic diseases",277567002,T-cell prolymphocytic leukemia (disorder)
"Leukemias, myeloproliferative disease and myelodysplastic diseases",277571004,B-cell acute lymphoblastic leukemia (disorder)
"Leukemias, myeloproliferative disease and myelodysplastic diseases",277597005,Myelodysplastic syndrome with isolated del(5q) (disorder)
"Leukemias, myeloproliferative disease and myelodysplastic diseases",277619001,B-cell prolymphocytic leukemia (disorder)
"Leukemias, myeloproliferative disease and myelodysplastic diseases",28950004,Acute promyelocytic leukemia with PML::RARA fusion (morphologic abnormality)
"Leukemias, myeloproliferative disease and myelodysplastic diseases",30962008,Acute myelomonocytic leukemia (morphologic abnormality)
"Leukemias, myeloproliferative disease and myelodysplastic diseases",35287006,Myeloid sarcoma (morphologic abnormality)
"Leukemias, myeloproliferative disease and myelodysplastic diseases",37810007,"Myeloid leukemia, no International Classification of Diseases for Oncology subtype (morphologic abnormality)"
"Leukemias, myeloproliferative disease and myelodysplastic diseases",445227008,Juvenile myelomonocytic leukemia (disorder)
"Leukemias, myeloproliferative disease and myelodysplastic diseases",445448008,Acute myeloid leukemia with myelodysplasia-related changes (disorder)
"Leukemias, myeloproliferative disease and myelodysplastic diseases",445738007,Myelodysplastic/myeloproliferative disease (disorder)
"Leukemias, myeloproliferative disease and myelodysplastic diseases",449108003,Philadelphia chromosome positive chronic myelogenous leukemia (disorder)
"Leukemias, myeloproliferative disease and myelodysplastic diseases",449386007,Philadelphia chromosome negative chronic myelogenous leukemia (disorder)
"Leukemias, myeloproliferative disease and myelodysplastic diseases",63364005,"Chronic myelogenous leukemia, no International Classification of Diseases for Oncology subtype (morphologic abnormality)"
"Leukemias, myeloproliferative disease and myelodysplastic diseases",815361000000107,Acute myeloid leukaemia with 11q23 abnormality (disorder)
"Leukemias, myeloproliferative disease and myelodysplastic diseases",863741000000108,Clinical stage A chronic lymphocytic leukaemia (disorder)
"Leukemias, myeloproliferative disease and myelodysplastic diseases",863761000000109,Clinical stage B chronic lymphocytic leukaemia (disorder)
"Leukemias, myeloproliferative disease and myelodysplastic diseases",863781000000100,Clinical stage C chronic lymphocytic leukaemia (disorder)
"Leukemias, myeloproliferative disease and myelodysplastic diseases",91857003,"Acute lymphoid leukemia, disease (disorder)"
"Leukemias, myeloproliferative disease and myelodysplastic diseases",91861009,Acute myeloid leukemia (disorder)
"Leukemias, myeloproliferative disease and myelodysplastic diseases",92814006,"Chronic lymphoid leukemia, disease (disorder)"
"Leukemias, myeloproliferative disease and myelodysplastic diseases",92818009,Chronic myeloid leukemia (disorder)
"Leukemias, myeloproliferative disease and myelodysplastic diseases",94719007,"Myeloid sarcoma, disease (disorder)"
Lymphomas and Reticuloendothelial neoplasms,1090241000000100,Angioimmunoblastic T-cell lymphoma with dysproteinaemia (disorder)
Lymphomas and Reticuloendothelial neoplasms,1091861000000100,"Follicular lymphoma, cutaneous follicle centre (disorder)"
Lymphomas and Reticuloendothelial neoplasms,1091921000000100,B-cell non-Hodgkin's lymphoma (disorder)
Lymphomas and Reticuloendothelial neoplasms,109962001,Diffuse non-Hodgkin's lymphoma (disorder)
Lymphomas and Reticuloendothelial neoplasms,109965004,"Diffuse non-Hodgkin's lymphoma, lymphoblastic (disorder)"
Lymphomas and Reticuloendothelial neoplasms,109966003,"Diffuse non-Hodgkin's lymphoma, immunoblastic (disorder)"
Lymphomas and Reticuloendothelial neoplasms,109969005,Diffuse large B-cell malignant lymphoma (disorder)
Lymphomas and Reticuloendothelial neoplasms,109975001,T-zone lymphoma (disorder)
Lymphomas and Reticuloendothelial neoplasms,109976000,Lymphoepithelioid lymphoma (disorder)
Lymphomas and Reticuloendothelial neoplasms,109977009,Peripheral T-cell lymphoma (disorder)
Lymphomas and Reticuloendothelial neoplasms,109978004,T-cell lymphoma (disorder)
Lymphomas and Reticuloendothelial neoplasms,109988003,Histiocytic sarcoma (disorder)
Lymphomas and Reticuloendothelial neoplasms,112687003,"Hodgkin lymphoma, lymphocyte depletion (morphologic abnormality)"
Lymphomas and Reticuloendothelial neoplasms,118599009,Hodgkin's disease (disorder)
Lymphomas and Reticuloendothelial neoplasms,118600007,Malignant lymphoma (disorder)
Lymphomas and Reticuloendothelial neoplasms,118601006,Non-Hodgkin's lymphoma (disorder)
Lymphomas and Reticuloendothelial neoplasms,118602004,Hodgkin's granuloma (disorder)
Lymphomas and Reticuloendothelial neoplasms,118605002,"Hodgkin lymphoma, nodular lymphocyte predominance (disorder)"
Lymphomas and Reticuloendothelial neoplasms,118606001,Hodgkin's sarcoma (disorder)
Lymphomas and Reticuloendothelial neoplasms,118607005,"Hodgkin lymphoma, lymphocyte-rich (disorder)"
Lymphomas and Reticuloendothelial neoplasms,118608000,"Hodgkin's disease, nodular sclerosis (disorder)"
Lymphomas and Reticuloendothelial neoplasms,118609008,"Hodgkin's disease, mixed cellularity (disorder)"
Lymphomas and Reticuloendothelial neoplasms,118610003,"Hodgkin's disease, lymphocytic depletion (disorder)"
Lymphomas and Reticuloendothelial neoplasms,118611004,Sezary's disease (disorder)
Lymphomas and Reticuloendothelial neoplasms,118612006,Malignant histiocytosis (disorder)
Lymphomas and Reticuloendothelial neoplasms,118614007,"Langerhans cell histiocytosis, disseminated (disorder)"
Lymphomas and Reticuloendothelial neoplasms,118615008,Malignant mast cell tumor (disorder)
Lymphomas and Reticuloendothelial neoplasms,118617000,Burkitt's lymphoma (disorder)
Lymphomas and Reticuloendothelial neoplasms,118618005,Mycosis fungoides (disorder)
Lymphomas and Reticuloendothelial neoplasms,128799007,"Hodgkin lymphoma, lymphocyte-rich (morphologic abnormality)"
Lymphomas and Reticuloendothelial neoplasms,128875000,Primary cutaneous CD30 antigen positive large T-cell lymphoma (disorder)
Lymphomas and Reticuloendothelial neoplasms,128930002,Hodgkin lymphoma - category (morphologic abnormality)
Lymphomas and Reticuloendothelial neoplasms,129000002,Eosinophilic granuloma (disorder)
Lymphomas and Reticuloendothelial neoplasms,14537002,"Hodgkin lymphoma, no International Classification of Diseases for Oncology subtype (morphologic abnormality)"
Lymphomas and Reticuloendothelial neoplasms,16893006,"Hodgkin lymphoma, lymphocyte depletion, diffuse fibrosis (morphologic abnormality)"
Lymphomas and Reticuloendothelial neoplasms,188510001,"Burkitt's lymphoma of lymph nodes of head, face and neck (disorder)"
Lymphomas and Reticuloendothelial neoplasms,188511002,Burkitt's lymphoma of intrathoracic lymph nodes (disorder)
Lymphomas and Reticuloendothelial neoplasms,188512009,Burkitt's lymphoma of intra-abdominal lymph nodes (disorder)
Lymphomas and Reticuloendothelial neoplasms,188513004,Burkitt lymphoma of lymph nodes of axilla and upper limb (disorder)
Lymphomas and Reticuloendothelial neoplasms,188514005,Burkitt lymphoma of lymph nodes of inguinal region and lower limb (disorder)
Lymphomas and Reticuloendothelial neoplasms,188515006,Burkitt's lymphoma of intrapelvic lymph nodes (disorder)
Lymphomas and Reticuloendothelial neoplasms,188516007,Burkitt's lymphoma of spleen (disorder)
Lymphomas and Reticuloendothelial neoplasms,188517003,Burkitt's lymphoma of lymph nodes of multiple sites (disorder)
Lymphomas and Reticuloendothelial neoplasms,188524002,Hodgkin's paragranuloma of intrathoracic lymph nodes (disorder)
Lymphomas and Reticuloendothelial neoplasms,188529007,Hodgkin's paragranuloma of intrapelvic lymph nodes (disorder)
Lymphomas and Reticuloendothelial neoplasms,188531003,Hodgkin's paragranuloma of lymph nodes of multiple sites (disorder)
Lymphomas and Reticuloendothelial neoplasms,188534006,"Hodgkin's granuloma of lymph nodes of head, face and neck (disorder)"
Lymphomas and Reticuloendothelial neoplasms,188536008,Hodgkin's granuloma of intra-abdominal lymph nodes (disorder)
Lymphomas and Reticuloendothelial neoplasms,188537004,Hodgkin's granuloma of lymph nodes of axilla and upper limb (disorder)
Lymphomas and Reticuloendothelial neoplasms,188538009,Hodgkin's granuloma of lymph nodes of inguinal region and lower limb (disorder)
Lymphomas and Reticuloendothelial neoplasms,188541000,Hodgkin's granuloma of lymph nodes of multiple sites (disorder)
Lymphomas and Reticuloendothelial neoplasms,188544008,"Hodgkin's sarcoma of lymph nodes of head, face and neck (disorder)"
Lymphomas and Reticuloendothelial neoplasms,188547001,Hodgkin's sarcoma of lymph nodes of axilla and upper limb (disorder)
Lymphomas and Reticuloendothelial neoplasms,188548006,Hodgkin's sarcoma of lymph nodes of inguinal region and lower limb (disorder)
Lymphomas and Reticuloendothelial neoplasms,188551004,Hodgkin's sarcoma of lymph nodes of multiple sites (disorder)
Lymphomas and Reticuloendothelial neoplasms,188554007,"Hodgkin's disease, lymphocytic-histiocytic predominance of lymph nodes of head, face and neck (disorder)"
Lymphomas and Reticuloendothelial neoplasms,188558005,"Hodgkin's disease, lymphocytic-histiocytic predominance of lymph nodes of axilla and upper limb (disorder)"
Lymphomas and Reticuloendothelial neoplasms,188559002,"Hodgkin's disease, lymphocytic-histiocytic predominance of lymph nodes of inguinal region and lower limb (disorder)"
Lymphomas and Reticuloendothelial neoplasms,188562004,"Hodgkin's disease, lymphocytic-histiocytic predominance of lymph nodes of multiple sites (disorder)"
Lymphomas and Reticuloendothelial neoplasms,188565002,"Hodgkin's disease, nodular sclerosis of lymph nodes of head, face and neck (disorder)"
Lymphomas and Reticuloendothelial neoplasms,188566001,"Hodgkin's disease, nodular sclerosis of intrathoracic lymph nodes (disorder)"
Lymphomas and Reticuloendothelial neoplasms,188567005,"Hodgkin's disease, nodular sclerosis of intra-abdominal lymph nodes (disorder)"
Lymphomas and Reticuloendothelial neoplasms,188568000,"Hodgkin's disease, nodular sclerosis of lymph nodes of axilla and upper limb (disorder)"
Lymphomas and Reticuloendothelial neoplasms,188569008,"Hodgkin's disease, nodular sclerosis of lymph nodes of inguinal region and lower limb (disorder)"
Lymphomas and Reticuloendothelial neoplasms,188570009,"Hodgkin's disease, nodular sclerosis of intrapelvic lymph nodes (disorder)"
Lymphomas and Reticuloendothelial neoplasms,188572001,"Hodgkin's disease, nodular sclerosis of lymph nodes of multiple sites (disorder)"
Lymphomas and Reticuloendothelial neoplasms,188575004,"Hodgkin's disease, mixed cellularity of lymph nodes of head, face and neck (disorder)"
Lymphomas and Reticuloendothelial neoplasms,188576003,"Hodgkin's disease, mixed cellularity of intrathoracic lymph nodes (disorder)"
Lymphomas and Reticuloendothelial neoplasms,188577007,"Hodgkin's disease, mixed cellularity of intra-abdominal lymph nodes (disorder)"
Lymphomas and Reticuloendothelial neoplasms,188578002,"Hodgkin's disease, mixed cellularity of lymph nodes of axilla and upper limb (disorder)"
Lymphomas and Reticuloendothelial neoplasms,188579005,"Hodgkin's disease, mixed cellularity of lymph nodes of inguinal region and lower limb (disorder)"
Lymphomas and Reticuloendothelial neoplasms,188580008,"Hodgkin's disease, mixed cellularity of intrapelvic lymph nodes (disorder)"
Lymphomas and Reticuloendothelial neoplasms,188582000,"Hodgkin's disease, mixed cellularity of lymph nodes of multiple sites (disorder)"
Lymphomas and Reticuloendothelial neoplasms,188585003,"Hodgkin's disease, lymphocytic depletion of lymph nodes of head, face and neck (disorder)"
Lymphomas and Reticuloendothelial neoplasms,188586002,"Hodgkin's disease, lymphocytic depletion of intrathoracic lymph nodes (disorder)"
Lymphomas and Reticuloendothelial neoplasms,188587006,"Hodgkin's disease, lymphocytic depletion of intra-abdominal lymph nodes (disorder)"
Lymphomas and Reticuloendothelial neoplasms,188589009,"Hodgkin's disease, lymphocytic depletion of lymph nodes of axilla and upper limb (disorder)"
Lymphomas and Reticuloendothelial neoplasms,188590000,"Hodgkin's disease, lymphocytic depletion of lymph nodes of inguinal region and lower limb (disorder)"
Lymphomas and Reticuloendothelial neoplasms,188591001,"Hodgkin's disease, lymphocytic depletion of intrapelvic lymph nodes (disorder)"
Lymphomas and Reticuloendothelial neoplasms,188592008,"Hodgkin's disease, lymphocytic depletion of spleen (disorder)"
Lymphomas and Reticuloendothelial neoplasms,188593003,"Hodgkin's disease, lymphocytic depletion of lymph nodes of multiple sites (disorder)"
Lymphomas and Reticuloendothelial neoplasms,188609000,"Nodular lymphoma of lymph nodes of head, face and neck (disorder)"
Lymphomas and Reticuloendothelial neoplasms,188612002,Nodular lymphoma of lymph nodes of axilla and upper limb (disorder)
Lymphomas and Reticuloendothelial neoplasms,188613007,Nodular lymphoma of lymph nodes of inguinal region and lower limb (disorder)
Lymphomas and Reticuloendothelial neoplasms,188627002,Mycosis fungoides of lymph nodes of multiple sites (disorder)
Lymphomas and Reticuloendothelial neoplasms,188630009,"Sezary's disease of lymph nodes of head, face and neck (disorder)"
Lymphomas and Reticuloendothelial neoplasms,188631008,Sezary's disease of intrathoracic lymph nodes (disorder)
Lymphomas and Reticuloendothelial neoplasms,188632001,Sezary's disease of intra-abdominal lymph nodes (disorder)
Lymphomas and Reticuloendothelial neoplasms,188633006,Sezary's disease of lymph nodes of axilla and upper limb (disorder)
Lymphomas and Reticuloendothelial neoplasms,188634000,Sezary's disease of lymph nodes of inguinal region and lower limb (disorder)
Lymphomas and Reticuloendothelial neoplasms,188635004,Sezary's disease of intrapelvic lymph nodes (disorder)
Lymphomas and Reticuloendothelial neoplasms,188637007,Sezary's disease of lymph nodes of multiple sites (disorder)
Lymphomas and Reticuloendothelial neoplasms,188640007,"Malignant histiocytosis of lymph nodes of head, face and neck (disorder)"
Lymphomas and Reticuloendothelial neoplasms,188641006,Malignant histiocytosis of lymph nodes of axilla and upper limb (disorder)
Lymphomas and Reticuloendothelial neoplasms,188642004,Malignant histiocytosis of lymph nodes of inguinal region and lower limb (disorder)
Lymphomas and Reticuloendothelial neoplasms,188645002,"Leukemic reticuloendotheliosis of lymph nodes of head, face and neck (disorder)"
Lymphomas and Reticuloendothelial neoplasms,188648000,Leukemic reticuloendotheliosis of lymph nodes of axilla and upper limb (disorder)
Lymphomas and Reticuloendothelial neoplasms,188649008,Leukemic reticuloendotheliosis of lymph nodes of inguinal region and lower limb (disorder)
Lymphomas and Reticuloendothelial neoplasms,188660004,Malignant mast cell tumors (disorder)
Lymphomas and Reticuloendothelial neoplasms,188662007,Mast cell malignancy of lymph nodes of head and neck (disorder)
Lymphomas and Reticuloendothelial neoplasms,188663002,Mast cell malignancy of intrathoracic lymph nodes (disorder)
Lymphomas and Reticuloendothelial neoplasms,188664008,Mast cell malignancy of intra-abdominal lymph nodes (disorder)
Lymphomas and Reticuloendothelial neoplasms,188665009,Mast cell malignancy of lymph nodes of axilla and upper limb (disorder)
Lymphomas and Reticuloendothelial neoplasms,188666005,Mast cell malignancy of lymph nodes of inguinal region and lower limb (disorder)
Lymphomas and Reticuloendothelial neoplasms,188667001,Mast cell malignancy of intrapelvic lymph nodes (disorder)
Lymphomas and Reticuloendothelial neoplasms,188668006,Malignant mast cell sarcoma of spleen (disorder)
Lymphomas and Reticuloendothelial neoplasms,188669003,Mast cell malignancy of lymph nodes of multiple sites (disorder)
Lymphomas and Reticuloendothelial neoplasms,188672005,Follicular non-Hodgkin's mixed small cleaved and large cell lymphoma (disorder)
Lymphomas and Reticuloendothelial neoplasms,188674006,Diffuse malignant lymphoma - small non-cleaved cell (disorder)
Lymphomas and Reticuloendothelial neoplasms,188675007,Malignant lymphoma - small cleaved cell (disorder)
Lymphomas and Reticuloendothelial neoplasms,188676008,Malignant lymphoma - mixed small and large cell (disorder)
Lymphomas and Reticuloendothelial neoplasms,188679001,Diffuse non-Hodgkin's lymphoma undifferentiated (diffuse) (disorder)
Lymphomas and Reticuloendothelial neoplasms,188691005,Malignant immunoproliferative small intestinal disease (disorder)
Lymphomas and Reticuloendothelial neoplasms,1929004,"Non-Hodgkin lymphoma, no International Classification of Diseases for Oncology subtype (morphologic abnormality)"
Lymphomas and Reticuloendothelial neoplasms,269475001,"Malignant tumor of lymphoid, hemopoietic AND/OR related tissue (disorder)"
Lymphomas and Reticuloendothelial neoplasms,269476000,Nodular lymphoma (disorder)
Lymphomas and Reticuloendothelial neoplasms,275524009,Immunoproliferative neoplasm (disorder)
Lymphomas and Reticuloendothelial neoplasms,277606000,Lymphoreticular tumor (disorder)
Lymphomas and Reticuloendothelial neoplasms,277613000,Cutaneous/peripheral T-cell lymphoma (disorder)
Lymphomas and Reticuloendothelial neoplasms,277615007,Low grade B-cell lymphoma (disorder)
Lymphomas and Reticuloendothelial neoplasms,277622004,Mucosa-associated lymphoma (disorder)
Lymphomas and Reticuloendothelial neoplasms,277625002,Follicular malignant lymphoma - small cleaved cell (disorder)
Lymphomas and Reticuloendothelial neoplasms,277641001,Follicular malignant lymphoma - large cell (disorder)
Lymphomas and Reticuloendothelial neoplasms,277654008,Enteropathy-associated T-cell lymphoma (disorder)
Lymphomas and Reticuloendothelial neoplasms,302842009,Diffuse malignant lymphoma - centroblastic (disorder)
Lymphomas and Reticuloendothelial neoplasms,308121000,Follicular lymphoma (disorder)
Lymphomas and Reticuloendothelial neoplasms,39086001,"Hodgkin lymphoma, nodular sclerosis, cellular phase (morphologic abnormality)"
Lymphomas and Reticuloendothelial neoplasms,397009000,Mast cell malignancy (disorder)
Lymphomas and Reticuloendothelial neoplasms,400122007,Primary cutaneous T-cell lymphoma (disorder)
Lymphomas and Reticuloendothelial neoplasms,404133000,Subcutaneous panniculitic cutaneous T-cell lymphoma (disorder)
Lymphomas and Reticuloendothelial neoplasms,414166008,"Extranodal natural killer/T-cell lymphoma, nasal type (disorder)"
Lymphomas and Reticuloendothelial neoplasms,41529000,"Hodgkin lymphoma, mixed cellularity (morphologic abnormality)"
Lymphomas and Reticuloendothelial neoplasms,43985008,"Hodgkin lymphoma, nodular sclerosis, grade 2 (morphologic abnormality)"
Lymphomas and Reticuloendothelial neoplasms,443487006,Mantle cell lymphoma (disorder)
Lymphomas and Reticuloendothelial neoplasms,444910004,Primary mediastinal (thymic) large B-cell lymphoma (disorder)
Lymphomas and Reticuloendothelial neoplasms,445105005,Blastic plasmacytoid dendritic cell neoplasm (disorder)
Lymphomas and Reticuloendothelial neoplasms,445269007,Extranodal marginal zone B-cell lymphoma of mucosa-associated lymphoid tissue (disorder)
Lymphomas and Reticuloendothelial neoplasms,445406001,Hepatosplenic T-cell lymphoma (disorder)
Lymphomas and Reticuloendothelial neoplasms,446643000,Sarcoma of dendritic cells (accessory cells) (disorder)
Lymphomas and Reticuloendothelial neoplasms,448212009,Anaplastic lymphoma kinase negative anaplastic large cell lymphoma (disorder)
Lymphomas and Reticuloendothelial neoplasms,449220000,Diffuse follicle center lymphoma (disorder)
Lymphomas and Reticuloendothelial neoplasms,45572000,"Hodgkin lymphoma, nodular sclerosis, grade 1 (morphologic abnormality)"
Lymphomas and Reticuloendothelial neoplasms,46923007,Hodgkin sarcoma [obs] (morphologic abnormality)
Lymphomas and Reticuloendothelial neoplasms,52248008,"Hodgkin lymphoma, nodular sclerosis (morphologic abnormality)"
Lymphomas and Reticuloendothelial neoplasms,539691000000104,Other malignant neoplasm of lymphoid and histiocytic tissue (disorder)
Lymphomas and Reticuloendothelial neoplasms,65399007,Langerhans cell histiocytosis (disorder)
Lymphomas and Reticuloendothelial neoplasms,70600005,"Hodgkin lymphoma, nodular lymphocyte predominance (morphologic abnormality)"
Lymphomas and Reticuloendothelial neoplasms,71109004,"Hodgkin lymphoma, lymphocyte depletion, reticular (morphologic abnormality)"
Lymphomas and Reticuloendothelial neoplasms,738770003,Anaplastic lymphoma kinase positive anaplastic large cell lymphoma (disorder)
Lymphomas and Reticuloendothelial neoplasms,74189002,Hodgkin granuloma [obs] (morphologic abnormality)
Lymphomas and Reticuloendothelial neoplasms,77381001,Burkitt lymphoma (morphologic abnormality)
Lymphomas and Reticuloendothelial neoplasms,847481000000109,Follicular lymphoma grade 1 (disorder)
Lymphomas and Reticuloendothelial neoplasms,847631000000107,Follicular lymphoma grade 2 (disorder)
Lymphomas and Reticuloendothelial neoplasms,847651000000100,Follicular lymphoma grade 3 (disorder)
Lymphomas and Reticuloendothelial neoplasms,847691000000108,Follicular lymphoma grade 3a (disorder)
Lymphomas and Reticuloendothelial neoplasms,847701000000108,Follicular lymphoma grade 3b (disorder)
Lymphomas and Reticuloendothelial neoplasms,847741000000106,Diffuse large B-cell lymphoma (disorder)
Lymphomas and Reticuloendothelial neoplasms,853831000006109,Non hodgkin lymphoma (disorder)
Lymphomas and Reticuloendothelial neoplasms,89796001,Mastocytoma (morphologic abnormality)
Lymphomas and Reticuloendothelial neoplasms,907291000006103,[RFC] Hodgkin's disease (finding)
Lymphomas and Reticuloendothelial neoplasms,93133006,Letterer-Siwe disease of intra-abdominal lymph nodes (disorder)
Lymphomas and Reticuloendothelial neoplasms,93134000,Letterer-Siwe disease of intrapelvic lymph nodes (disorder)
Lymphomas and Reticuloendothelial neoplasms,93135004,Letterer-Siwe disease of intrathoracic lymph nodes (disorder)
Lymphomas and Reticuloendothelial neoplasms,93136003,Letterer-Siwe disease of lymph nodes of axilla AND/OR upper limb (disorder)
Lymphomas and Reticuloendothelial neoplasms,93137007,"Letterer-Siwe disease of lymph nodes of head, face AND/OR neck (disorder)"
Lymphomas and Reticuloendothelial neoplasms,93138002,Letterer-Siwe disease of lymph nodes of inguinal region AND/OR lower limb (disorder)
Lymphomas and Reticuloendothelial neoplasms,93139005,Letterer-Siwe disease of lymph nodes of multiple sites (disorder)
Lymphomas and Reticuloendothelial neoplasms,93140007,Letterer-Siwe disease of spleen (disorder)
Lymphomas and Reticuloendothelial neoplasms,93144003,Leukemic reticuloendotheliosis of intra-abdominal lymph nodes (disorder)
Lymphomas and Reticuloendothelial neoplasms,93145002,Leukemic reticuloendotheliosis of intrapelvic lymph nodes (disorder)
Lymphomas and Reticuloendothelial neoplasms,93146001,Leukemic reticuloendotheliosis of intrathoracic lymph nodes (disorder)
Lymphomas and Reticuloendothelial neoplasms,93150008,Leukemic reticuloendotheliosis of lymph nodes of multiple sites (disorder)
Lymphomas and Reticuloendothelial neoplasms,93182006,Malignant histiocytosis of intra-abdominal lymph nodes (disorder)
Lymphomas and Reticuloendothelial neoplasms,93183001,Malignant histiocytosis of intrapelvic lymph nodes (disorder)
Lymphomas and Reticuloendothelial neoplasms,93184007,Malignant histiocytosis of intrathoracic lymph nodes (disorder)
Lymphomas and Reticuloendothelial neoplasms,93188005,Malignant histiocytosis of lymph nodes of multiple sites (disorder)
Lymphomas and Reticuloendothelial neoplasms,93189002,Malignant histiocytosis of spleen (disorder)
Lymphomas and Reticuloendothelial neoplasms,93191005,Malignant lymphoma of intra-abdominal lymph nodes (disorder)
Lymphomas and Reticuloendothelial neoplasms,93192003,Malignant lymphoma of intrapelvic lymph nodes (disorder)
Lymphomas and Reticuloendothelial neoplasms,93193008,Malignant lymphoma of intrathoracic lymph nodes (disorder)
Lymphomas and Reticuloendothelial neoplasms,93194002,Malignant lymphoma of lymph nodes of axilla AND/OR upper limb (disorder)
Lymphomas and Reticuloendothelial neoplasms,93195001,"Malignant lymphoma of lymph nodes of head, face AND/OR neck (disorder)"
Lymphomas and Reticuloendothelial neoplasms,93196000,Malignant lymphoma of lymph nodes of inguinal region AND/OR lower limb (disorder)
Lymphomas and Reticuloendothelial neoplasms,93197009,Malignant lymphoma of lymph nodes of multiple sites (disorder)
Lymphomas and Reticuloendothelial neoplasms,93198004,Malignant lymphoma of spleen (disorder)
Lymphomas and Reticuloendothelial neoplasms,93493001,"Hodgkin's disease, lymphocytic-histiocytic predominance of intra-abdominal lymph nodes (disorder)"
Lymphomas and Reticuloendothelial neoplasms,93494007,"Hodgkin's disease, lymphocytic-histiocytic predominance of intrapelvic lymph nodes (disorder)"
Lymphomas and Reticuloendothelial neoplasms,93495008,"Hodgkin's disease, lymphocytic-histiocytic predominance of intrathoracic lymph nodes (disorder)"
Lymphomas and Reticuloendothelial neoplasms,93500006,"Hodgkin's disease, lymphocytic-histiocytic predominance of spleen (disorder)"
Lymphomas and Reticuloendothelial neoplasms,93509007,"Hodgkin's disease, mixed cellularity of spleen (disorder)"
Lymphomas and Reticuloendothelial neoplasms,93518009,"Hodgkin's disease, nodular sclerosis of spleen (disorder)"
Lymphomas and Reticuloendothelial neoplasms,93520007,Hodgkin's disease of intra-abdominal lymph nodes (disorder)
Lymphomas and Reticuloendothelial neoplasms,93521006,Hodgkin's disease of intrapelvic lymph nodes (disorder)
Lymphomas and Reticuloendothelial neoplasms,93522004,Hodgkin's disease of intrathoracic lymph nodes (disorder)
Lymphomas and Reticuloendothelial neoplasms,93523009,Hodgkin's disease of lymph nodes of axilla AND/OR upper limb (disorder)
Lymphomas and Reticuloendothelial neoplasms,93524003,"Hodgkin's disease of lymph nodes of head, face AND/OR neck (disorder)"
Lymphomas and Reticuloendothelial neoplasms,93525002,Hodgkin's disease of lymph nodes of inguinal region AND/OR lower limb (disorder)
Lymphomas and Reticuloendothelial neoplasms,93526001,Hodgkin's disease of lymph nodes of multiple sites (disorder)
Lymphomas and Reticuloendothelial neoplasms,93527005,Hodgkin's disease of spleen (disorder)
Lymphomas and Reticuloendothelial neoplasms,93530003,Hodgkin's granuloma of intrapelvic lymph nodes (disorder)
Lymphomas and Reticuloendothelial neoplasms,93531004,Hodgkin's granuloma of intrathoracic lymph nodes (disorder)
Lymphomas and Reticuloendothelial neoplasms,93536009,Hodgkin's granuloma of spleen (disorder)
Lymphomas and Reticuloendothelial neoplasms,93541001,Hodgkin's paragranuloma of lymph nodes of axilla AND/OR upper limb (disorder)
Lymphomas and Reticuloendothelial neoplasms,93542008,"Hodgkin's paragranuloma of lymph nodes of head, face AND/OR neck (disorder)"
Lymphomas and Reticuloendothelial neoplasms,93543003,Hodgkin's paragranuloma of lymph nodes of inguinal region AND/OR lower limb (disorder)
Lymphomas and Reticuloendothelial neoplasms,93545005,Hodgkin's paragranuloma of spleen (disorder)
Lymphomas and Reticuloendothelial neoplasms,93547002,Hodgkin's sarcoma of intra-abdominal lymph nodes (disorder)
Lymphomas and Reticuloendothelial neoplasms,93548007,Hodgkin's sarcoma of intrapelvic lymph nodes (disorder)
Lymphomas and Reticuloendothelial neoplasms,93549004,Hodgkin's sarcoma of intrathoracic lymph nodes (disorder)
Lymphomas and Reticuloendothelial neoplasms,93554008,Hodgkin's sarcoma of spleen (disorder)
Lymphomas and Reticuloendothelial neoplasms,94707004,Mycosis fungoides of intra-abdominal lymph nodes (disorder)
Lymphomas and Reticuloendothelial neoplasms,94708009,Mycosis fungoides of intrapelvic lymph nodes (disorder)
Lymphomas and Reticuloendothelial neoplasms,94709001,Mycosis fungoides of intrathoracic lymph nodes (disorder)
Lymphomas and Reticuloendothelial neoplasms,94710006,Mycosis fungoides of lymph nodes of axilla AND/OR upper limb (disorder)
Lymphomas and Reticuloendothelial neoplasms,94711005,"Mycosis fungoides of lymph nodes of head, face AND/OR neck (disorder)"
Lymphomas and Reticuloendothelial neoplasms,94712003,Mycosis fungoides of lymph nodes of inguinal region AND/OR lower limb (disorder)
Lymphomas and Reticuloendothelial neoplasms,94714002,Mycosis fungoides of spleen (disorder)
Lymphomas and Reticuloendothelial neoplasms,95186006,Nodular lymphoma of intra-abdominal lymph nodes (disorder)
Lymphomas and Reticuloendothelial neoplasms,95187002,Nodular lymphoma of intrapelvic lymph nodes (disorder)
Lymphomas and Reticuloendothelial neoplasms,95188007,Nodular lymphoma of intrathoracic lymph nodes (disorder)
Lymphomas and Reticuloendothelial neoplasms,95192000,Nodular lymphoma of lymph nodes of multiple sites (disorder)
Lymphomas and Reticuloendothelial neoplasms,95193005,Nodular lymphoma of spleen (disorder)
Lymphomas and Reticuloendothelial neoplasms,95263006,Sezary's disease of spleen (disorder)
CNS and miscellaneous intracranial and intraspinal neoplasms,115240006,Glioma (morphologic abnormality)
CNS and miscellaneous intracranial and intraspinal neoplasms,127024001,Neoplasm of pituitary gland (disorder)
CNS and miscellaneous intracranial and intraspinal neoplasms,127579001,Meningeal neoplasm (morphologic abnormality)
CNS and miscellaneous intracranial and intraspinal neoplasms,128665000,Pituitary carcinoma (morphologic abnormality)
CNS and miscellaneous intracranial and intraspinal neoplasms,128839002,Papillary ependymoma (morphologic abnormality)
CNS and miscellaneous intracranial and intraspinal neoplasms,128854008,Pilocytic astrocytoma (morphologic abnormality)
CNS and miscellaneous intracranial and intraspinal neoplasms,12943006,Polar spongioblastoma (morphologic abnormality)
CNS and miscellaneous intracranial and intraspinal neoplasms,1586004,Subependymal giant cell astrocytoma (morphologic abnormality)
CNS and miscellaneous intracranial and intraspinal neoplasms,1623000,Myxopapillary ependymoma (morphologic abnormality)
CNS and miscellaneous intracranial and intraspinal neoplasms,18021007,"Choroid plexus papilloma, no International Classification of Diseases for Oncology subtype (morphologic abnormality)"
CNS and miscellaneous intracranial and intraspinal neoplasms,188292007,Malignant tumor of choroid plexus (disorder)
CNS and miscellaneous intracranial and intraspinal neoplasms,188296005,Malignant neoplasm of medulla oblongata (disorder)
CNS and miscellaneous intracranial and intraspinal neoplasms,188297001,Malignant neoplasm of midbrain (disorder)
CNS and miscellaneous intracranial and intraspinal neoplasms,189164002,Cerebral meningioma (disorder)
CNS and miscellaneous intracranial and intraspinal neoplasms,189167009,Spinal meningioma (disorder)
CNS and miscellaneous intracranial and intraspinal neoplasms,189179009,Craniopharyngioma (disorder)
CNS and miscellaneous intracranial and intraspinal neoplasms,189919000,Primitive polar spongioblastoma (morphologic abnormality)
CNS and miscellaneous intracranial and intraspinal neoplasms,21589007,"Ependymoma, anaplastic (morphologic abnormality)"
CNS and miscellaneous intracranial and intraspinal neoplasms,24604009,Medullomyoblastoma (morphologic abnormality)
CNS and miscellaneous intracranial and intraspinal neoplasms,253071005,Mixed oligoastrocytoma (morphologic abnormality)
CNS and miscellaneous intracranial and intraspinal neoplasms,26138003,Gliomatosis cerebri (morphologic abnormality)
CNS and miscellaneous intracranial and intraspinal neoplasms,3102004,"Oligodendroglioma, anaplastic (morphologic abnormality)"
CNS and miscellaneous intracranial and intraspinal neoplasms,32456001,Desmoplastic medulloblastoma (morphologic abnormality)
CNS and miscellaneous intracranial and intraspinal neoplasms,35262004,Gliosarcoma (morphologic abnormality)
CNS and miscellaneous intracranial and intraspinal neoplasms,35701008,Hemangioblastic meningioma (morphologic abnormality)
CNS and miscellaneous intracranial and intraspinal neoplasms,363483004,Malignant tumor of pineal gland (disorder)
CNS and miscellaneous intracranial and intraspinal neoplasms,38431002,Psammomatous meningioma (morphologic abnormality)
CNS and miscellaneous intracranial and intraspinal neoplasms,38713004,"Astrocytoma, no International Classification of Diseases for Oncology subtype (morphologic abnormality)"
CNS and miscellaneous intracranial and intraspinal neoplasms,39781001,Primitive neuroectodermal tumor (morphologic abnormality)
CNS and miscellaneous intracranial and intraspinal neoplasms,40009002,Craniopharyngioma (morphologic abnormality)
CNS and miscellaneous intracranial and intraspinal neoplasms,409681000000102,[M]Meningiomas (morphologic abnormality)
CNS and miscellaneous intracranial and intraspinal neoplasms,443354006,Ependymoma - category (morphologic abnormality)
CNS and miscellaneous intracranial and intraspinal neoplasms,443565000,Oligodendroglioma - category (morphologic abnormality)
CNS and miscellaneous intracranial and intraspinal neoplasms,44529004,Giant cell glioblastoma (morphologic abnormality)
CNS and miscellaneous intracranial and intraspinal neoplasms,4553004,Subependymal glioma (morphologic abnormality)
CNS and miscellaneous intracranial and intraspinal neoplasms,48952003,Astroblastoma (morphologic abnormality)
CNS and miscellaneous intracranial and intraspinal neoplasms,511008,Fibrous meningioma (morphologic abnormality)
CNS and miscellaneous intracranial and intraspinal neoplasms,55094006,Protoplasmic astrocytoma (morphologic abnormality)
CNS and miscellaneous intracranial and intraspinal neoplasms,55353007,"Astrocytoma, anaplastic (morphologic abnormality)"
CNS and miscellaneous intracranial and intraspinal neoplasms,57606003,Clear cell meningioma (morphologic abnormality)
CNS and miscellaneous intracranial and intraspinal neoplasms,63634009,"Glioblastoma, no International Classification of Diseases for Oncology subtype (morphologic abnormality)"
CNS and miscellaneous intracranial and intraspinal neoplasms,64967004,Transitional meningioma (morphologic abnormality)
CNS and miscellaneous intracranial and intraspinal neoplasms,68944005,Meningothelial meningioma (morphologic abnormality)
CNS and miscellaneous intracranial and intraspinal neoplasms,71314006,Fibrillary astrocytoma (morphologic abnormality)
CNS and miscellaneous intracranial and intraspinal neoplasms,73676002,Peripheral neuroectodermal tumor (morphologic abnormality)
CNS and miscellaneous intracranial and intraspinal neoplasms,73918009,Angiomatous meningioma (morphologic abnormality)
CNS and miscellaneous intracranial and intraspinal neoplasms,73982001,Gemistocytic astrocytoma (morphologic abnormality)
CNS and miscellaneous intracranial and intraspinal neoplasms,74532006,"Glioma, malignant (morphologic abnormality)"
CNS and miscellaneous intracranial and intraspinal neoplasms,78303004,"Meningioma, malignant (morphologic abnormality)"
CNS and miscellaneous intracranial and intraspinal neoplasms,78838008,Pleomorphic xanthoastrocytoma (morphologic abnormality)
CNS and miscellaneous intracranial and intraspinal neoplasms,80061003,Oligodendroblastoma (morphologic abnormality)
CNS and miscellaneous intracranial and intraspinal neoplasms,83217000,"Medulloblastoma, no International Classification of Diseases for Oncology subtype (morphologic abnormality)"
CNS and miscellaneous intracranial and intraspinal neoplasms,88252006,Choroid plexus carcinoma (morphologic abnormality)
CNS and miscellaneous intracranial and intraspinal neoplasms,92683008,Carcinoma in situ of pituitary gland (disorder)
CNS and miscellaneous intracranial and intraspinal neoplasms,94808000,Neoplasm of uncertain behavior of craniopharyngeal duct (disorder)
CNS and miscellaneous intracranial and intraspinal neoplasms,95002008,Neoplasm of uncertain behavior of pineal gland (disorder)
CNS and miscellaneous intracranial and intraspinal neoplasms,95004009,Neoplasm of uncertain behavior of pituitary gland (disorder)
Neuroblastoma and other peripheral nervous cell tumours,10438002,Glomus tumor (morphologic abnormality)
Neuroblastoma and other peripheral nervous cell tumours,115222007,Paraganglioma AND/OR glomus tumor (morphologic abnormality)
Neuroblastoma and other peripheral nervous cell tumours,13875003,Glomangiosarcoma (morphologic abnormality)
Neuroblastoma and other peripheral nervous cell tumours,253075001,Sympathicoblastoma (morphologic abnormality)
Neuroblastoma and other peripheral nervous cell tumours,29370006,Malignant pheochromocytoma (morphologic abnormality)
Neuroblastoma and other peripheral nervous cell tumours,30699005,Carotid body tumor (morphologic abnormality)
Neuroblastoma and other peripheral nervous cell tumours,31794002,Sympathetic paraganglioma (morphologic abnormality)
Neuroblastoma and other peripheral nervous cell tumours,32037004,Glomus jugulare tumor (morphologic abnormality)
Neuroblastoma and other peripheral nervous cell tumours,32512003,"Extra-adrenal paraganglioma, malignant (morphologic abnormality)"
Neuroblastoma and other peripheral nervous cell tumours,34550005,Glomangiomyoma (morphologic abnormality)
Neuroblastoma and other peripheral nervous cell tumours,51747000,Extra-adrenal paraganglioma (morphologic abnormality)
Neuroblastoma and other peripheral nervous cell tumours,52205002,Parasympathetic paraganglioma (morphologic abnormality)
Neuroblastoma and other peripheral nervous cell tumours,53320004,Aortic body tumor (morphologic abnormality)
Neuroblastoma and other peripheral nervous cell tumours,64059005,Spongioneuroblastoma (morphologic abnormality)
Neuroblastoma and other peripheral nervous cell tumours,69515008,Ganglioneuroblastoma (morphologic abnormality)
Neuroblastoma and other peripheral nervous cell tumours,72787006,Gangliocytic paraganglioma (morphologic abnormality)
Neuroblastoma and other peripheral nervous cell tumours,76060004,Olfactory neuroblastoma (morphologic abnormality)
Neuroblastoma and other peripheral nervous cell tumours,803009,Paraganglioma (morphologic abnormality)
Neuroblastoma and other peripheral nervous cell tumours,85583005,Pheochromocytoma (morphologic abnormality)
Neuroblastoma and other peripheral nervous cell tumours,87364003,Neuroblastoma (morphologic abnormality)
Neuroblastoma and other peripheral nervous cell tumours,89880005,"Ganglioglioma, no International Classification of Diseases for Oncology subtype (morphologic abnormality)"
Neuroblastoma and other peripheral nervous cell tumours,9903002,"Paraganglioma, malignant (morphologic abnormality)"
Renal Tumours,126880001,Neoplasm of kidney (disorder)
Renal Tumours,128860008,Juxtaglomerular tumor (morphologic abnormality)
Renal Tumours,188252005,Malignant tumor of renal calyx (disorder)
Renal Tumours,188253000,Malignant tumor of pelviureteric junction (disorder)
Renal Tumours,24007003,Clear cell sarcoma of kidney (morphologic abnormality)
Renal Tumours,25081006,Nephroblastoma (morphologic abnormality)
Renal Tumours,302849000,Nephroblastoma (disorder)
Renal Tumours,31470003,Adenosarcoma (morphologic abnormality)
Renal Tumours,363457009,Malignant tumor of renal pelvis (disorder)
Renal Tumours,363518003,Malignant tumor of kidney (disorder)
Renal Tumours,41607009,Renal cell carcinoma (morphologic abnormality)
Hepatic Tumours,109841003,Liver cell carcinoma (disorder)
Hepatic Tumours,109843000,Hepatoblastoma (disorder)
Hepatic Tumours,187769009,Primary carcinoma of liver (disorder)
Hepatic Tumours,189243008,Carcinoma in situ of hepatic duct (disorder)
Hepatic Tumours,189246000,Carcinoma in situ of sphincter of Oddi (disorder)
Hepatic Tumours,25370001,Hepatocellular carcinoma (morphologic abnormality)
Hepatic Tumours,271525004,Carcinoma in situ of liver and/or biliary system (disorder)
Hepatic Tumours,45024009,Hepatoblastoma (morphologic abnormality)
Hepatic Tumours,907381000006106,[RFC] Liver cancer (finding)
Hepatic Tumours,92530007,Carcinoma in situ of ampulla of Vater (disorder)
Hepatic Tumours,92545000,Carcinoma in situ of biliary tract (disorder)
Hepatic Tumours,92570000,Carcinoma in situ of common bile duct (disorder)
Hepatic Tumours,92574009,Carcinoma in situ of cystic duct (disorder)
Hepatic Tumours,92599005,Carcinoma in situ of gallbladder (disorder)
Hepatic Tumours,92618006,Carcinoma in situ of intrahepatic bile ducts (disorder)
Hepatic Tumours,92644006,Carcinoma in situ of liver (disorder)
Gonadal Germ Cell Tumours,18854008,"Struma ovarii, malignant (morphologic abnormality)"
Gonadal Germ Cell Tumours,189849004,Dermoid cyst with malignant transformation (morphologic abnormality)
Gonadal Germ Cell Tumours,19467007,"Teratoma, malignant, no International Classification of Diseases for Oncology subtype (morphologic abnormality)"
Gonadal Germ Cell Tumours,21912003,"Malignant teratoma, intermediate (morphologic abnormality)"
Gonadal Germ Cell Tumours,24327009,Struma ovarii (morphologic abnormality)
Gonadal Germ Cell Tumours,28047004,Embryonal carcinoma (morphologic abnormality)
Gonadal Germ Cell Tumours,28307001,Germinoma (morphologic abnormality)
Gonadal Germ Cell Tumours,28325008,Polyembryoma (morphologic abnormality)
Gonadal Germ Cell Tumours,32071008,Strumal carcinoid (morphologic abnormality)
Gonadal Germ Cell Tumours,32844007,Mixed germ cell tumor (morphologic abnormality)
Gonadal Germ Cell Tumours,42717009,"Teratoma, benign (morphologic abnormality)"
Gonadal Germ Cell Tumours,443677002,Seminoma - category (morphologic abnormality)
Gonadal Germ Cell Tumours,55818009,"Teratoma, no International Classification of Diseases for Oncology subtype (morphologic abnormality)"
Gonadal Germ Cell Tumours,60718004,Malignant dysgerminoma (morphologic abnormality)
Gonadal Germ Cell Tumours,67830002,Teratocarcinoma (morphologic abnormality)
Gonadal Germ Cell Tumours,72907003,"Seminoma, anaplastic (morphologic abnormality)"
Gonadal Germ Cell Tumours,74409009,Endodermal sinus tumor (morphologic abnormality)
Gonadal Germ Cell Tumours,74751003,Gonadoblastoma (morphologic abnormality)
Gonadal Germ Cell Tumours,83292005,"Malignant teratoma, undifferentiated (morphologic abnormality)"
Gonadal Germ Cell Tumours,9294008,Spermatocytic seminoma (morphologic abnormality)
"Bone, Soft Tissue and Extraosseous Tumours",10069009,"Giant cell tumor of bone, malignant (morphologic abnormality)"
"Bone, Soft Tissue and Extraosseous Tumours",109385007,Kaposi's sarcoma (disorder)
"Bone, Soft Tissue and Extraosseous Tumours",109386008,Kaposi's sarcoma of skin (disorder)
"Bone, Soft Tissue and Extraosseous Tumours",109388009,Kaposi's sarcoma of palate (disorder)
"Bone, Soft Tissue and Extraosseous Tumours",109392002,Kaposi's sarcoma of multiple organs (disorder)
"Bone, Soft Tissue and Extraosseous Tumours",109844006,Angiosarcoma of liver (disorder)
"Bone, Soft Tissue and Extraosseous Tumours",11073003,Mixed liposarcoma (morphologic abnormality)
"Bone, Soft Tissue and Extraosseous Tumours",112682009,"Fibroma, no International Classification of Diseases for Oncology subtype (morphologic abnormality)"
"Bone, Soft Tissue and Extraosseous Tumours",112683004,Pleomorphic liposarcoma (morphologic abnormality)
"Bone, Soft Tissue and Extraosseous Tumours",112685006,"Carcinosarcoma, embryonal (morphologic abnormality)"
"Bone, Soft Tissue and Extraosseous Tumours",115224008,Soft tissue tumor AND/OR sarcoma (morphologic abnormality)
"Bone, Soft Tissue and Extraosseous Tumours",115225009,Fibromatous neoplasm (morphologic abnormality)
"Bone, Soft Tissue and Extraosseous Tumours",115237006,Osseous AND/OR chondromatous neoplasm (morphologic abnormality)
"Bone, Soft Tissue and Extraosseous Tumours",115243008,Granular cell tumor AND/OR alveolar soft part sarcoma (morphologic abnormality)
"Bone, Soft Tissue and Extraosseous Tumours",12169001,Granular cell tumor (morphologic abnormality)
"Bone, Soft Tissue and Extraosseous Tumours",12302002,Small cell osteosarcoma (morphologic abnormality)
"Bone, Soft Tissue and Extraosseous Tumours",12622007,Clear cell sarcoma (except of Kidney M-89643) (morphologic abnormality)
"Bone, Soft Tissue and Extraosseous Tumours",12690005,Fibroblastic osteosarcoma (morphologic abnormality)
"Bone, Soft Tissue and Extraosseous Tumours",128918008,Parosteal osteosarcoma (morphologic abnormality)
"Bone, Soft Tissue and Extraosseous Tumours",13238004,"Granular cell tumor, malignant (morphologic abnormality)"
"Bone, Soft Tissue and Extraosseous Tumours",13583002,Mast cell sarcoma (morphologic abnormality)
"Bone, Soft Tissue and Extraosseous Tumours",14269005,Embryonal rhabdomyosarcoma (morphologic abnormality)
"Bone, Soft Tissue and Extraosseous Tumours",14990007,"Chondrosarcoma, no International Classification of Diseases for Oncology subtype (morphologic abnormality)"
"Bone, Soft Tissue and Extraosseous Tumours",16090008,Myxoid leiomyosarcoma (morphologic abnormality)
"Bone, Soft Tissue and Extraosseous Tumours",18588008,"Synovial sarcoma, biphasic (morphologic abnormality)"
"Bone, Soft Tissue and Extraosseous Tumours",187821001,Angiosarcoma of spleen (disorder)
"Bone, Soft Tissue and Extraosseous Tumours",187822008,Fibrosarcoma of spleen (disorder)
"Bone, Soft Tissue and Extraosseous Tumours",188029000,Kaposi's sarcoma of soft tissue (disorder)
"Bone, Soft Tissue and Extraosseous Tumours",19134004,Fascial fibrosarcoma (morphologic abnormality)
"Bone, Soft Tissue and Extraosseous Tumours",20380000,Ameloblastic odontosarcoma (morphologic abnormality)
"Bone, Soft Tissue and Extraosseous Tumours",20667008,Myosarcoma (morphologic abnormality)
"Bone, Soft Tissue and Extraosseous Tumours",21708004,"Osteosarcoma, no International Classification of Diseases for Oncology subtype (morphologic abnormality)"
"Bone, Soft Tissue and Extraosseous Tumours",24007003,Clear cell sarcoma of kidney (morphologic abnormality)
"Bone, Soft Tissue and Extraosseous Tumours",254601002,Sarcoma of liver (disorder)
"Bone, Soft Tissue and Extraosseous Tumours",255067005,Sarcoma of bone and connective tissue (disorder)
"Bone, Soft Tissue and Extraosseous Tumours",25889007,Benign fibrous histiocytoma (morphologic abnormality)
"Bone, Soft Tissue and Extraosseous Tumours",26211003,Juxtacortical chondrosarcoma (morphologic abnormality)
"Bone, Soft Tissue and Extraosseous Tumours",26496005,Atypical fibrous histiocytoma (morphologic abnormality)
"Bone, Soft Tissue and Extraosseous Tumours",27092008,Ameloblastic fibrosarcoma (morphologic abnormality)
"Bone, Soft Tissue and Extraosseous Tumours",27849002,Myxoid liposarcoma (morphologic abnormality)
"Bone, Soft Tissue and Extraosseous Tumours",28655007,"Liposarcoma, well differentiated (morphologic abnormality)"
"Bone, Soft Tissue and Extraosseous Tumours",302843004,Histiocytoma (morphologic abnormality)
"Bone, Soft Tissue and Extraosseous Tumours",307576001,Osteosarcoma of bone (disorder)
"Bone, Soft Tissue and Extraosseous Tumours",30924005,Rhabdomyosarcoma (morphologic abnormality)
"Bone, Soft Tissue and Extraosseous Tumours",31470003,Adenosarcoma (morphologic abnormality)
"Bone, Soft Tissue and Extraosseous Tumours",33681003,Osteosarcoma in Paget's disease of bone (morphologic abnormality)
"Bone, Soft Tissue and Extraosseous Tumours",34360000,"Fibrous histiocytoma, malignant (morphologic abnormality)"
"Bone, Soft Tissue and Extraosseous Tumours",37206003,"Synovial sarcoma, spindle cell (morphologic abnormality)"
"Bone, Soft Tissue and Extraosseous Tumours",372151005,Sarcoma - category (morphologic abnormality)
"Bone, Soft Tissue and Extraosseous Tumours",400007004,Fibrohistiocytic neoplasm - category (morphologic abnormality)
"Bone, Soft Tissue and Extraosseous Tumours",400011005,Leiomyosarcoma - category (morphologic abnormality)
"Bone, Soft Tissue and Extraosseous Tumours",42392001,Epithelioid leiomyosarcoma (morphologic abnormality)
"Bone, Soft Tissue and Extraosseous Tumours",43296007,Round cell liposarcoma (morphologic abnormality)
"Bone, Soft Tissue and Extraosseous Tumours",45187003,Abdominal fibromatosis (morphologic abnormality)
"Bone, Soft Tissue and Extraosseous Tumours",47284001,Aggressive fibromatosis (morphologic abnormality)
"Bone, Soft Tissue and Extraosseous Tumours",47623001,"Soft tissue tumor, benign (morphologic abnormality)"
"Bone, Soft Tissue and Extraosseous Tumours",49430005,"Liposarcoma, no International Classification of Diseases for Oncology subtype (morphologic abnormality)"
"Bone, Soft Tissue and Extraosseous Tumours",49937004,"Kaposi's sarcoma, morphology (morphologic abnormality)"
"Bone, Soft Tissue and Extraosseous Tumours",52040006,Infantile fibrosarcoma (morphologic abnormality)
"Bone, Soft Tissue and Extraosseous Tumours",52399003,Fascial fibroma (morphologic abnormality)
"Bone, Soft Tissue and Extraosseous Tumours",53305005,Periosteal fibroma (morphologic abnormality)
"Bone, Soft Tissue and Extraosseous Tumours",53654007,Fibrosarcoma (morphologic abnormality)
"Bone, Soft Tissue and Extraosseous Tumours",54443001,"Fibrous mesothelioma, malignant (morphologic abnormality)"
"Bone, Soft Tissue and Extraosseous Tumours",55333008,Osteoblastoma (morphologic abnormality)
"Bone, Soft Tissue and Extraosseous Tumours",56422000,"Synovial sarcoma, epithelioid cell (morphologic abnormality)"
"Bone, Soft Tissue and Extraosseous Tumours",56565002,Mesenchymal chondrosarcoma (morphologic abnormality)
"Bone, Soft Tissue and Extraosseous Tumours",59238007,Epithelioid sarcoma (morphologic abnormality)
"Bone, Soft Tissue and Extraosseous Tumours",59583009,Embryonal sarcoma (morphologic abnormality)
"Bone, Soft Tissue and Extraosseous Tumours",62383007,Mixed type rhabdomyosarcoma (morphologic abnormality)
"Bone, Soft Tissue and Extraosseous Tumours",6250003,Fibromyxosarcoma (morphologic abnormality)
"Bone, Soft Tissue and Extraosseous Tumours",63211008,Synovial sarcoma (morphologic abnormality)
"Bone, Soft Tissue and Extraosseous Tumours",63264007,Carcinosarcoma (morphologic abnormality)
"Bone, Soft Tissue and Extraosseous Tumours",63449009,Alveolar rhabdomyosarcoma (morphologic abnormality)
"Bone, Soft Tissue and Extraosseous Tumours",65140001,Periosteal fibrosarcoma (morphologic abnormality)
"Bone, Soft Tissue and Extraosseous Tumours",67280001,Dedifferentiated liposarcoma (morphologic abnormality)
"Bone, Soft Tissue and Extraosseous Tumours",6842002,Desmoplastic fibroma (morphologic abnormality)
"Bone, Soft Tissue and Extraosseous Tumours",70555003,"Endometrial stromal sarcoma, high grade (morphologic abnormality)"
"Bone, Soft Tissue and Extraosseous Tumours",71666005,Osteoid osteoma (morphologic abnormality)
"Bone, Soft Tissue and Extraosseous Tumours",73506006,Small cell sarcoma (morphologic abnormality)
"Bone, Soft Tissue and Extraosseous Tumours",75622000,Myxoid chondrosarcoma (morphologic abnormality)
"Bone, Soft Tissue and Extraosseous Tumours",76312009,Chondroblastic osteosarcoma (morphologic abnormality)
"Bone, Soft Tissue and Extraosseous Tumours",76594008,Dermatofibrosarcoma (morphologic abnormality)
"Bone, Soft Tissue and Extraosseous Tumours",76909002,Ewing's sarcoma (morphologic abnormality)
"Bone, Soft Tissue and Extraosseous Tumours",77455004,Pleomorphic rhabdomyosarcoma (morphologic abnormality)
"Bone, Soft Tissue and Extraosseous Tumours",78453009,Telangiectatic osteosarcoma (morphologic abnormality)
"Bone, Soft Tissue and Extraosseous Tumours",83118000,Malignant rhabdoid tumor (morphologic abnormality)
"Bone, Soft Tissue and Extraosseous Tumours",83612000,"Osteoma, no International Classification of Diseases for Oncology subtype (morphologic abnormality)"
"Bone, Soft Tissue and Extraosseous Tumours",8664001,Fibromyxoma (morphologic abnormality)
"Bone, Soft Tissue and Extraosseous Tumours",87992000,"Giant cell sarcoma (except of Bone, M-92503) (morphologic abnormality)"
"Bone, Soft Tissue and Extraosseous Tumours",88195001,Alveolar soft part sarcoma (morphologic abnormality)
"Bone, Soft Tissue and Extraosseous Tumours",9395006,Sarcomatosis (morphologic abnormality)
"Bone, Soft Tissue and Extraosseous Tumours",9671003,Elastofibroma (morphologic abnormality)
"Bone, Soft Tissue and Extraosseous Tumours",9801004,Spindle cell sarcoma (morphologic abnormality)
